Week,Opponent,Quarter,Time,Score_Margin,Down,Distance,POS,Play_Type,Personnel,Formation,Motion,Runner,Lead_Block,Target,Catch,Gain,Penalty,Play_Action,Pass_Area,Pass_Depth,Run_Area,Def_Package,Def_Front,Pass_Rushers,Goal_Line,LOS_to_Goal,Red_Zone,Net_Gain,Minute,Second,Num_RB,Num_TE,Num_WR,6_OL,Left_Split,Right_Split,Shotgun,Shotgun_Offset,I-Form,I-Form_Offset,Singleback,Motion_Bool,Motion_Pos,Motion_Dir,Target_Pos,Target_Align,Pass_Dir,TD,Explosive_Pass,Explosive_Pass_Yd,Explosive_Run,Explosive_Run_Yd,Explosive_Play,Penalty_Team,Penalty_Type,Penalty_Yards,Successful_Pass,Successful_Run,Successful_Play,Field_Goal,Field_Goal_Dist,Sack_TFL,Sack_TFL_Yards,Home/Road
1,MIA,1,13:54,0,1.0,10.0,-38,Pass,11,"""-1x3*"", closed L, bunch R-, shotgun offset L",,N/A,,Lockett (BO),N/A,,,,WR Screen R,S,,,Over,5,0,62,0.0,,13,54,1.0,1.0,3.0,0.0,Narrow,Normal,1.0,Left,0.0,,,0.0,,,WR,,,0.0,0.0,,0.0,,0.0,,,0.0,,,0.0,0.0,,0.0,,Home
1,MIA,1,10:45,0,2.0,12.0,-31,Pass,11,"""+3x1-"", closed R, shotgun offset R",,N/A,,"Michael (R RB, 2)",Catch,0.0,,,Swing R,S,,,Over,4,0,69,0.0,0.0,10,45,1.0,1.0,3.0,0.0,Wide,Narrow,1.0,Right,0.0,,,0.0,,,RB,2,Right,0.0,0.0,,0.0,,0.0,,,0.0,,,0.0,0.0,,0.0,,Home
1,MIA,1,9:02,0,2.0,9.0,-45,Pass,11,"""*3x1-"", closed R, bunch L*, pistol",,N/A,,Kearse (BO),Catch,5.0,,,WR Screen L,S,,,Over,4,0,55,0.0,5.0,9,02,1.0,1.0,3.0,0.0,Normal,Narrow,0.0,,0.0,,,0.0,,,WR,,,0.0,0.0,,0.0,,0.0,,,0.0,,,0.0,0.0,,0.0,,Home
1,MIA,1,7:49,0,1.0,10.0,43,Pass,11,"""+3x1-"", closed R, shotgun offset R",,N/A,,Baldwin (L3),Catch,14.0,,"Hard, roll",RS,S,,,Over,5,0,43,0.0,14.0,7,49,1.0,1.0,3.0,0.0,Wide,Narrow,1.0,Right,0.0,,,0.0,,,WR,3,Left,0.0,0.0,,0.0,,0.0,,,0.0,1.0,,1.0,0.0,,0.0,,Home
1,MIA,1,5:56,0,3.0,9.0,16,Pass,11,"""+3x1-"", closed R, shotgun offset R",,N/A,,N/A,"Sack, M. Williams",-5.0,,,,,,,Over,4,0,16,1.0,-5.0,5,56,1.0,1.0,3.0,0.0,Wide,Narrow,1.0,Right,0.0,,,0.0,,,,,,0.0,0.0,,0.0,,0.0,,,0.0,,,0.0,1.0,33.0,1.0,-5.0,Home
1,MIA,1,1:09,3,1.0,10.0,-17,Run,11,"""+3x1+"", stack L*, shotgun offset R",,Prosise,,N/A,N/A,-2.0,,,,,M,,Over,,0,83,0.0,-2.0,1,09,1.0,1.0,3.0,0.0,Wide,Wide,1.0,Right,0.0,,,0.0,,,,,,0.0,0.0,,0.0,,0.0,,,0.0,,,0.0,0.0,,1.0,-2.0,Home
1,MIA,2,3:57,0,1.0,10.0,-18,Pass,11,"""+3x1-"", closed R, shotgun offset R",,N/A,,Throwaway,Inc.,0.0,,"Hard, roll",,,,,Over,4,0,82,0.0,0.0,3,57,1.0,1.0,3.0,0.0,Wide,Narrow,1.0,Right,0.0,,,0.0,,,,,,0.0,0.0,,0.0,,0.0,,,0.0,,,0.0,1.0,99.0,0.0,,Home
1,MIA,3,9:37,3,3.0,22.0,-18,Pass,11,"""+3x1-"", closed R, shotgun offset R",,N/A,,Lockett (L2),Inc.,0.0,,,WR Screen L,S,,,2 Eagle Even,4,0,82,0.0,0.0,9,37,1.0,1.0,3.0,0.0,Wide,Narrow,1.0,Right,0.0,,,0.0,,,WR,2,Left,0.0,0.0,,0.0,,0.0,,,0.0,,,0.0,0.0,,0.0,,Home
1,MIA,3,7:11,3,1.0,10.0,40,Run,11,"""*3x1-"", closed R, bunch L*, pistol",,Rawls,,N/A,N/A,5.0,,,,,OR,,Over,,0,40,0.0,5.0,7,11,1.0,1.0,3.0,0.0,Normal,Narrow,0.0,,0.0,,,0.0,,,,,,0.0,0.0,,0.0,,0.0,,,0.0,,1.0,1.0,0.0,,0.0,,Home
1,MIA,3,5:02,3,4.0,1.0,31,Pass,11,"""-1x3+"", closed L, shotgun offset R",,N/A,,Baldwin (R3),Inc.,0.0,,,RS,S,,,Over,4,0,31,0.0,0.0,5,02,1.0,1.0,3.0,0.0,Narrow,Wide,1.0,Right,0.0,,,0.0,,,WR,3,Right,0.0,0.0,,0.0,,0.0,,,0.0,,,0.0,0.0,,0.0,,Home
1,MIA,3,1:03,3,3.0,7.0,-27,Pass,11,"""-1x3+"", shotgun offset L",,N/A,,Baldwin (R3),Inc.,0.0,"Roughing passer, Wake, +15",,LS,D,,,Over,4,0,73,0.0,15.0,1,03,1.0,1.0,3.0,0.0,Narrow,Wide,1.0,Left,0.0,,,0.0,,,WR,3,Right,0.0,0.0,,0.0,,0.0,Defense,Roughing passer,15.0,,,,0.0,,0.0,,Home
1,MIA,4,10:41,3,1.0,10.0,-20,Pass,11,"""+3x1-"", closed R, shotgun offset R",,N/A,,"Rawls (R RB, 2)",Catch,6.0,,,RS,S,,,Over,4,0,80,0.0,6.0,10,41,1.0,1.0,3.0,0.0,Wide,Narrow,1.0,Right,0.0,,,0.0,,,RB,2,Right,0.0,0.0,,0.0,,0.0,,,0.0,1.0,,1.0,0.0,,0.0,,Home
1,MIA,4,7:20,3,3.0,6.0,41,Pass,11,"""+3x1*"", shotgun offset R",,N/A,,"Michael (R RB, 2)",Inc.,0.0,,,RS,S,,,Under,4,0,41,0.0,0.0,7,20,1.0,1.0,3.0,0.0,Wide,Normal,1.0,Right,0.0,,,0.0,,,RB,2,Right,0.0,0.0,,0.0,,0.0,,,0.0,,,0.0,0.0,,0.0,,Home
1,MIA,4,4:08,-4,1.0,10.0,-25,Pass,11,"""+3x1-"", closed R, shotgun offset R",,N/A,,"L. Wilson (R LOS TE, 1)",Inc.,0.0,,,RS,IS,,,Over,4,0,75,0.0,0.0,4,08,1.0,1.0,3.0,0.0,Wide,Narrow,1.0,Right,0.0,,,0.0,,,TE,1,Right,0.0,0.0,,0.0,,0.0,,,0.0,,,0.0,0.0,,0.0,,Home
1,MIA,4,3:05,-4,4.0,1.0,-34,Run,11,"""-1x3*"", closed L, bunch R-, shotgun offset L",TE in,Michael,,N/A,N/A,7.0,,,,,M,,Under,,0,66,0.0,7.0,3,05,1.0,1.0,3.0,0.0,Narrow,Normal,1.0,Left,0.0,,,1.0,TE,in,,,,0.0,0.0,,0.0,,0.0,,,0.0,,1.0,1.0,0.0,,0.0,,Home
1,MIA,4,2:11,-4,3.0,4.0,-47,Pass,11,"""-1x3+"", closed L, shotgun offset L",,N/A,,Kearse (R3),"LOS PD, Suh",0.0,,,LM,S,,,Over,4,0,53,0.0,0.0,2,11,1.0,1.0,3.0,0.0,Narrow,Wide,1.0,Left,0.0,,,0.0,,,WR,3,Right,0.0,0.0,,0.0,,0.0,,,0.0,,,0.0,0.0,,0.0,,Home
1,MIA,4,2:08,-4,4.0,4.0,-47,Pass,11,"""-1x3+"", shotgun offset L",,N/A,,Baldwin (R3),Catch,22.0,,,LM,IS,,,2 Eagle Even,4,0,53,0.0,22.0,2,08,1.0,1.0,3.0,0.0,Narrow,Wide,1.0,Left,0.0,,,0.0,,,WR,3,Right,0.0,1.0,22.0,0.0,,1.0,,,0.0,1.0,,1.0,0.0,,0.0,,Home
1,MIA,4,1:57,-4,2.0,6.0,27,Pass,11,"""-1x3+"", closed L, shotgun offset L",,N/A,,"Graham (L LOS TE, 1)",Catch,11.0,,,LM,S,,,Over,4,0,27,0.0,11.0,1,57,1.0,1.0,3.0,0.0,Narrow,Wide,1.0,Left,0.0,,,0.0,,,TE,1,Left,0.0,0.0,,0.0,,0.0,,,0.0,1.0,,1.0,0.0,,0.0,,Home
1,MIA,4,0:57,-4,1.0,2.0,2,Run,11,"""+3x1-"", closed R, bunch L*, shotgun offset R",,Michael,,N/A,N/A,2.0,,,,,M,,2 Eagle Odd,,1,2,1.0,2.0,0,57,1.0,1.0,3.0,0.0,Wide,Narrow,1.0,Right,0.0,,,0.0,,,,,,0.0,0.0,,0.0,,0.0,,,0.0,,1.0,1.0,0.0,,0.0,,Home
2,LAR,1,6:53,-3,1.0,10.0,-19,Pass,11,"""+3x1-"", closed R, shotgun offset R",,N/A,,"Rawls (R RB, 2)",Catch,2.0,,,RM,S,,,Over,4,0,81,0.0,2.0,6,53,1.0,1.0,3.0,0.0,Wide,Narrow,1.0,Right,0.0,,,0.0,,,RB,2,Right,0.0,0.0,,0.0,,0.0,,,0.0,,,0.0,0.0,,0.0,,Road
2,LAR,1,6:22,-3,2.0,10.0,-21,Run,11,"""*3x1-"", closed R, bunch L-, shotgun offset R",,R. Wilson,,N/A,N/A,-2.0,,,,,OR,,Over,,0,79,0.0,-2.0,6,22,1.0,1.0,3.0,0.0,Normal,Narrow,1.0,Right,0.0,,,0.0,,,,,,0.0,0.0,,0.0,,0.0,,,0.0,,,0.0,0.0,,1.0,-2.0,Road
2,LAR,1,5:29,-3,3.0,5.0,-24,Pass,11,"""+3x1-"", closed R, shotgun offset R",,N/A,,Baldwin (L3),Catch,7.0,,,LM,S,,,Other Odd,5,0,76,0.0,7.0,5,29,1.0,1.0,3.0,0.0,Wide,Narrow,1.0,Right,0.0,,,0.0,,,WR,3,Left,0.0,0.0,,0.0,,0.0,,,0.0,1.0,,1.0,0.0,,0.0,,Road
2,LAR,1,0:35,-3,1.0,13.0,13,Pass,11,"""-1x3*"", closed L, bunch R-, shotgun offset L",,N/A,,Lockett (BO),Catch,4.0,,"Def. face mask, T. Johnson, +5",WR Screen R,S,,,Over,4,1,13,1.0,4.0,0,35,1.0,1.0,3.0,0.0,Narrow,Normal,1.0,Left,0.0,,,0.0,,,WR,,,0.0,0.0,,0.0,,0.0,,,0.0,,,0.0,0.0,,0.0,,Road
2,LAR,2,14:54,-3,3.0,5.0,5,Pass,11,"""+3x1-"", closed R, shotgun offset R",,N/A,,Kearse (L2),Inc.,0.0,,,LS,S,,,2 Eagle Odd,4,1,5,1.0,0.0,14,54,1.0,1.0,3.0,0.0,Wide,Narrow,1.0,Right,0.0,,,0.0,,,WR,2,Left,0.0,0.0,,0.0,,0.0,,,0.0,,,0.0,1.0,22.0,0.0,,Road
2,LAR,2,13:43,0,1.0,10.0,-19,Run,12,"""-1x3+"", closed L, shotgun offset L",,Michael,"C, RG",N/A,N/A,3.0,,,,,OR,,Over,,0,81,0.0,3.0,13,43,1.0,2.0,2.0,0.0,Narrow,Wide,1.0,Left,0.0,,,0.0,,,,,,0.0,0.0,,0.0,,0.0,,,0.0,,,0.0,0.0,,0.0,,Road
2,LAR,2,13:08,0,2.0,7.0,-22,Pass,11,"""+3x1-"", closed R, shotgun offset R",,N/A,,Baldwin (R3),Catch,8.0,,,LS,S,,,Over,4,0,78,0.0,8.0,13,08,1.0,1.0,3.0,0.0,Wide,Narrow,1.0,Right,0.0,,,0.0,,,WR,3,Right,0.0,0.0,,0.0,,0.0,,,0.0,1.0,,1.0,0.0,,0.0,,Road
2,LAR,2,10:44,0,3.0,7.0,-33,Pass,11,"""+3x1-"", closed R, shotgun offset R",,N/A,,Richardson (L1),Inc.,0.0,,,LS,D,,,Other Odd,4,0,67,0.0,0.0,10,44,1.0,1.0,3.0,0.0,Wide,Narrow,1.0,Right,0.0,,,0.0,,,WR,1,Left,0.0,0.0,,0.0,,0.0,,,0.0,,,0.0,0.0,,0.0,,Road
2,LAR,2,6:31,0,3.0,10.0,-35,Pass,11,"""-1x3-"", closed L, bunch R-, shotgun offset L",,N/A,,Richardson (BI),Catch,14.0,,,RS,IS,,,2 Eagle Even,4,0,65,0.0,14.0,6,31,1.0,1.0,3.0,0.0,Narrow,Narrow,1.0,Left,0.0,,,0.0,,,WR,,,0.0,0.0,,0.0,,0.0,,,0.0,1.0,,1.0,0.0,,0.0,,Road
2,LAR,2,1:01,-3,1.0,10.0,-14,Pass,11,"""-1x3+"", closed L, shotgun offset L",,N/A,,"Graham (L LOS TE, 1)",Catch,9.0,,,LM,S,,,Other Odd,4,0,86,0.0,9.0,1,01,1.0,1.0,3.0,0.0,Narrow,Wide,1.0,Left,0.0,,,0.0,,,TE,1,Left,0.0,0.0,,0.0,,0.0,,,0.0,1.0,,1.0,0.0,,0.0,,Road
2,LAR,3,5:47,-3,1.0,10.0,-20,Run,11,"""+3x1-"", closed R, shotgun offset L",,Michael,"LG, C, RG",N/A,N/A,16.0,,,,,OR,,Over,,0,80,0.0,16.0,5,47,1.0,1.0,3.0,0.0,Wide,Narrow,1.0,Left,0.0,,,0.0,,,,,,0.0,0.0,,1.0,16.0,1.0,,,0.0,,1.0,1.0,0.0,,0.0,,Road
2,LAR,3,5:18,-3,1.0,10.0,-36,Run,11,"""*3x1-"", closed R, bunch L-, shotgun offset L",,Collins,"LG, C, RG",N/A,N/A,,,,,,OR,,Over,,0,64,0.0,,5,18,1.0,1.0,3.0,0.0,Normal,Narrow,1.0,Left,0.0,,,0.0,,,,,,0.0,0.0,,0.0,,0.0,,,0.0,,,0.0,0.0,,0.0,,Road
2,LAR,4,14:10,-6,1.0,10.0,-25,Pass,11,"""+3x1-"", closed R, shotgun offset R",,N/A,,Kearse (L2),Catch,2.0,,,LS,S,,,Over,4,0,75,0.0,2.0,14,10,1.0,1.0,3.0,0.0,Wide,Narrow,1.0,Right,0.0,,,0.0,,,WR,2,Left,0.0,0.0,,0.0,,0.0,,,0.0,,,0.0,0.0,,0.0,,Road
2,LAR,4,13:39,-6,2.0,8.0,-27,Pass,11,"""-1x3+"", closed L, shotgun offset L",,N/A,,Baldwin (R3),Inc.,0.0,,,LS,D,,,2 Eagle Odd,4,0,73,0.0,0.0,13,39,1.0,1.0,3.0,0.0,Narrow,Wide,1.0,Left,0.0,,,0.0,,,WR,3,Right,0.0,0.0,,0.0,,0.0,,,0.0,,,0.0,0.0,,0.0,,Road
2,LAR,4,6:51,-6,2.0,10.0,-39,Pass,11,"""-1x3+"", closed L, shotgun offset L",,N/A,,Baldwin (R3),Inc.,0.0,,,RS,S,,,Other Odd,4,0,61,0.0,0.0,6,51,1.0,1.0,3.0,0.0,Narrow,Wide,1.0,Left,0.0,,,0.0,,,WR,3,Right,0.0,0.0,,0.0,,0.0,,,0.0,,,0.0,0.0,,0.0,,Road
2,LAR,4,1:27,-6,2.0,15.0,40,Pass,11,"""-1x3+"", closed L, shotgun offset L",,N/A,,Baldwin (R3),Catch,5.0,,,RM,S,,,Other Odd,5,0,40,0.0,5.0,1,27,1.0,1.0,3.0,0.0,Narrow,Wide,1.0,Left,0.0,,,0.0,,,WR,3,Right,0.0,0.0,,0.0,,0.0,,,0.0,,,0.0,0.0,,0.0,,Road
3,SF,1,11:19,7,2.0,10.0,-38,Pass,12,"""+3x1-"", closed R, shotgun offset R",,N/A,,"Michael (R RB, 2)",Catch,0.0,,,Swing R,S,,,Over,4,0,62,0.0,0.0,11,19,1.0,2.0,2.0,0.0,Wide,Narrow,1.0,Right,0.0,,,0.0,,,RB,2,Right,0.0,0.0,,0.0,,0.0,,,0.0,,,0.0,0.0,,0.0,,Home
3,SF,1,6:38,7,1.0,10.0,25,Pass,11,"""-1x3+"", closed L, shotgun offset L",,N/A,,"Collins (L RB, 2)",Catch,9.0,,,LM,S,,,Other Odd,4,0,25,0.0,9.0,6,38,1.0,1.0,3.0,0.0,Narrow,Wide,1.0,Left,0.0,,,0.0,,,RB,2,Left,0.0,0.0,,0.0,,0.0,,,0.0,1.0,,1.0,0.0,,0.0,,Home
3,SF,1,4:49,7,2.0,13.0,16,Pass,11,"""-1x3+"", closed L, shotgun offset L",,N/A,,"Graham (L LOS TE, 1)",Catch,12.0,,,LM,S,,,Over,4,0,16,1.0,12.0,4,49,1.0,1.0,3.0,0.0,Narrow,Wide,1.0,Left,0.0,,,0.0,,,TE,1,Left,0.0,0.0,,0.0,,0.0,,,0.0,1.0,,1.0,0.0,,0.0,,Home
3,SF,1,4:11,7,3.0,1.0,4,Run,11,"""-1x3*"", closed L, bunch R-, shotgun offset L",,"Michael, TD",,N/A,N/A,4.0,,,,,M,,Under,,0,4,1.0,4.0,4,11,1.0,1.0,3.0,0.0,Narrow,Normal,1.0,Left,0.0,,,0.0,,,,,,1.0,0.0,,0.0,,0.0,,,0.0,,1.0,1.0,0.0,,0.0,,Home
3,SF,1,2:22,14,1.0,10.0,-20,Run,11,"""+3x1-"", closed R, bunch L-, shotgun offset L",,Michael,,N/A,N/A,0.0,,,,,M,,Under,,0,80,0.0,0.0,2,22,1.0,1.0,3.0,0.0,Wide,Narrow,1.0,Left,0.0,,,0.0,,,,,,0.0,0.0,,0.0,,0.0,,,0.0,,,0.0,0.0,,0.0,,Home
3,SF,1,1:42,14,2.0,9.0,-20,Run,11,"""+3x1-"", closed R, singleback",,Michael,,N/A,N/A,-1.0,,,,,IR,,Other Odd,,0,80,0.0,-1.0,1,42,1.0,1.0,3.0,0.0,Wide,Narrow,0.0,,0.0,,1.0,0.0,,,,,,0.0,0.0,,0.0,,0.0,,,0.0,,,0.0,0.0,,1.0,-1.0,Home
3,SF,2,8:52,11,2.0,14.0,-23,Pass,11,"""-1x3+"", closed L, shotgun offset L",,N/A,,"Graham (L LOS TE, 1)","LOS PD, Brooks",0.0,,,M,S,,,Over,4,0,77,0.0,0.0,8,52,1.0,1.0,3.0,0.0,Narrow,Wide,1.0,Left,0.0,,,0.0,,,TE,1,Left,0.0,0.0,,0.0,,0.0,,,0.0,,,0.0,0.0,,0.0,,Home
3,SF,2,8:00,11,1.0,10.0,18,Pass,12,"""-1x3-"", bunch R-, shotgun offset L",,N/A,,Graham (BP),"Catch, TD",18.0,,,LM,D,,,Over,5,0,18,1.0,18.0,8,00,1.0,2.0,2.0,0.0,Narrow,Narrow,1.0,Left,0.0,,,0.0,,,WR,,,1.0,1.0,18.0,0.0,,1.0,,,0.0,1.0,,1.0,0.0,,0.0,,Home
3,SF,2,3:46,18,2.0,10.0,-43,Run,11,"""+3x1-"", closed R, pistol",,Michael,,N/A,N/A,7.0,"Off. Holding, Webb, -10",,,,IL,,Other Odd,,0,57,0.0,17.0,3,46,1.0,1.0,3.0,0.0,Wide,Narrow,0.0,,0.0,,,0.0,,,,,,0.0,0.0,,0.0,,0.0,Offense,Off. Holding,-10.0,,1.0,1.0,0.0,,0.0,,Home
3,SF,2,3:17,18,2.0,20.0,-33,Pass,11,"""+3x1-"", closed R, shotgun offset R",,N/A,,"Graham (R LOS TE, 1)",Catch,3.0,,,LM,S,,,Other Even,4,0,67,0.0,3.0,3,17,1.0,1.0,3.0,0.0,Wide,Narrow,1.0,Right,0.0,,,0.0,,,TE,1,Right,0.0,0.0,,0.0,,0.0,,,0.0,,,0.0,0.0,,0.0,,Home
3,SF,2,2:04,18,1.0,10.0,24,Pass,11,"""+3x1-"", closed R, shotgun offset R",,N/A,,Baldwin (L1),Inc.,0.0,,,LS,D,,,Other Odd,5,0,24,0.0,0.0,2,04,1.0,1.0,3.0,0.0,Wide,Narrow,1.0,Right,0.0,,,0.0,,,WR,1,Left,0.0,0.0,,0.0,,0.0,,,0.0,,,0.0,0.0,,0.0,,Home
3,SF,2,1:22,18,3.0,1.0,15,Run,11,"""-1x3+"", closed L, bunch R-, shotgun offset L",,Michael,,N/A,N/A,0.0,,,,,M,,Other Odd,,0,15,1.0,0.0,1,22,1.0,1.0,3.0,0.0,Narrow,Wide,1.0,Left,0.0,,,0.0,,,,,,0.0,0.0,,0.0,,0.0,,,0.0,,,0.0,1.0,32.0,0.0,,Home
3,SF,3,13:28,21,1.0,10.0,-9,Pass,12,"""-1x3-"", bunch R-, shotgun offset L",,N/A,,Throwaway,Inc.,0.0,,,,,,,Under,4,0,91,0.0,0.0,13,28,1.0,2.0,2.0,0.0,Narrow,Narrow,1.0,Left,0.0,,,0.0,,,,,,0.0,0.0,,0.0,,0.0,,,0.0,,,0.0,0.0,,0.0,,Home
3,SF,3,10:15,21,2.0,21.0,37,Pass,11,"""-1x3+"", closed L, shotgun offset L",,N/A,,"Graham (L LOS TE, 1)",Inc.,0.0,,,LS,IS,,,Over,4,0,37,0.0,0.0,10,15,1.0,1.0,3.0,0.0,Narrow,Wide,1.0,Left,0.0,,,0.0,,,TE,1,Left,0.0,0.0,,0.0,,0.0,,,0.0,,,0.0,0.0,,0.0,,Home
3,SF,3,8:32,21,2.0,17.0,29,Pass,11,"""-1x3+"", closed L, shotgun offset L",,N/A,,Baldwin (R3),Catch,10.0,,,RS,S,,,2 Eagle Odd,5,0,29,0.0,10.0,8,32,1.0,1.0,3.0,0.0,Narrow,Wide,1.0,Left,0.0,,,0.0,,,WR,3,Right,0.0,0.0,,0.0,,0.0,,,0.0,,,0.0,0.0,,0.0,,Home
3,SF,3,1:30,27,1.0,10.0,-42,Run,12,"""+3x1+"", shotgun offset R",,Michael,,N/A,N/A,7.0,,,,,M,,Over,,0,58,0.0,7.0,1,30,1.0,2.0,2.0,0.0,Wide,Wide,1.0,Right,0.0,,,0.0,,,,,,0.0,0.0,,0.0,,0.0,,,0.0,,1.0,1.0,0.0,,0.0,,Home
3,SF,4,14:18,27,1.0,10.0,20,Run,11,"""+1x3+"", shotgun offset R",,Boykin,,N/A,N/A,0.0,,,,,OR,,Under,,0,20,1.0,0.0,14,18,1.0,1.0,3.0,0.0,Wide,Wide,1.0,Right,0.0,,,0.0,,,,,,0.0,0.0,,0.0,,0.0,,,0.0,,,0.0,0.0,,0.0,,Home
3,SF,4,7:50,27,1.0,10.0,-25,Pass,11,"""+3x1+"", shotgun offset L",,N/A,,Kearse (R3),Catch,9.0,,Hard,WR Screen R,S,,,Over,4,0,75,0.0,9.0,7,50,1.0,1.0,3.0,0.0,Wide,Wide,1.0,Left,0.0,,,0.0,,,WR,3,Right,0.0,0.0,,0.0,,0.0,,,0.0,1.0,,1.0,0.0,,0.0,,Home
3,SF,4,5:08,27,3.0,1.0,-47,Pass,11,"""+1x3+"", shotgun offset R",,N/A,,Kearse (R3),Catch,2.0,,Hard,WR Screen R,S,,,Over,3,0,53,0.0,2.0,5,08,1.0,1.0,3.0,0.0,Wide,Wide,1.0,Right,0.0,,,0.0,,,WR,3,Right,0.0,0.0,,0.0,,0.0,,,0.0,1.0,,1.0,0.0,,0.0,,Home
4,NYJ,1,5:18,-3,1.0,10.0,-35,Pass,12,"""+1x3+"", shotgun offset L",,N/A,,Graham (L1),Catch,17.0,,,LS,IS,,,Over,5,0,65,0.0,17.0,5,18,1.0,2.0,2.0,0.0,Wide,Wide,1.0,Left,0.0,,,0.0,,,WR,1,Left,0.0,1.0,17.0,0.0,,1.0,,,0.0,1.0,,1.0,0.0,,0.0,,Road
4,NYJ,2,7:10,4,1.0,10.0,-35,Run,12,"""-1x3+"", closed L, singleback",TE in,Michael,RT,N/A,N/A,1.0,,,,,IR,,2 Eagle Odd,,0,65,0.0,1.0,7,10,1.0,2.0,2.0,0.0,Narrow,Wide,0.0,,0.0,,1.0,1.0,TE,in,,,,0.0,0.0,,0.0,,0.0,,,0.0,,,0.0,0.0,,0.0,,Road
4,NYJ,2,6:30,4,2.0,9.0,-36,Pass,12,"""-3x1-"", closed R, singleback",TE in,N/A,,Kearse (L1),Catch,10.0,,,WR Screen L,S,,,Under,4,0,64,0.0,10.0,6,30,1.0,2.0,2.0,0.0,Narrow,Narrow,0.0,,0.0,,1.0,1.0,TE,in,WR,1,Left,0.0,0.0,,0.0,,0.0,,,0.0,1.0,,1.0,0.0,,0.0,,Road
4,NYJ,2,4:31,4,3.0,3.0,47,Run,11,"""+3x1-"", closed R, bunch L+, shotgun offset R",,Michael,,N/A,N/A,4.0,,,,,M,,Over,,0,47,0.0,4.0,4,31,1.0,1.0,3.0,0.0,Wide,Narrow,1.0,Right,0.0,,,0.0,,,,,,0.0,0.0,,0.0,,0.0,,,0.0,,1.0,1.0,0.0,,0.0,,Road
4,NYJ,3,14:18,4,2.0,7.0,-25,Run,12,"""-1x3+"", closed L, shotgun offset L",TE out,N/A,,"Michael (L RB, 2)",Catch,6.0,,,Swing L,S,,,2 Eagle Odd,5,0,75,0.0,6.0,14,18,1.0,2.0,2.0,0.0,Narrow,Wide,1.0,Left,0.0,,,1.0,TE,out,RB,2,Left,0.0,0.0,,0.0,,0.0,,,0.0,,1.0,1.0,0.0,,0.0,,Road
4,NYJ,3,7:43,4,1.0,10.0,-45,Pass,12,"""-1x3+"", closed L, shotgun offset L",,N/A,,"L. Wilson (L LOS TE, 1)",Inc.,0.0,,,LM,ID,,,2 Eagle Odd,5,0,55,0.0,0.0,7,43,1.0,2.0,2.0,0.0,Narrow,Wide,1.0,Left,0.0,,,0.0,,,TE,1,Left,0.0,0.0,,0.0,,0.0,,,0.0,,,0.0,0.0,,0.0,,Road
4,NYJ,3,4:28,4,2.0,10.0,14,Pass,11,"""-1x3+"", closed L, shotgun offset L",,N/A,,"Graham (L LOS TE, 1)",Inc.,0.0,,,LS,ID,,,Under,5,0,14,1.0,0.0,4,28,1.0,1.0,3.0,0.0,Narrow,Wide,1.0,Left,0.0,,,0.0,,,TE,1,Left,0.0,0.0,,0.0,,0.0,,,0.0,,,0.0,0.0,,0.0,,Road
4,NYJ,4,10:31,14,3.0,11.0,-24,Pass,11,"""-1x3-"", bunch R-, shotgun offset L",,N/A,,Graham (L1),Catch,13.0,,,RM,S,,,Double A Gap,5,0,76,0.0,13.0,10,31,1.0,1.0,3.0,0.0,Narrow,Narrow,1.0,Left,0.0,,,0.0,,,WR,1,Left,0.0,0.0,,0.0,,0.0,,,0.0,1.0,,1.0,0.0,,0.0,,Road
4,NYJ,4,4:55,14,3.0,11.0,21,Pass,11,"""-1x3+"", shotgun offset L",,N/A,,N/A,"Sack, Skrine",-14.0,,,,,,,Under,4,0,21,0.0,-14.0,4,55,1.0,1.0,3.0,0.0,Narrow,Wide,1.0,Left,0.0,,,0.0,,,,,,0.0,0.0,,0.0,,0.0,,,0.0,,,0.0,0.0,,1.0,-14.0,Road
4,NYJ,4,2:14,10,1.0,10.0,-47,Run,11,"""+1x3*"", bunch R-, shotgun offset L",,Michael,,N/A,N/A,6.0,,,,,M,,2 Eagle Odd,,0,53,0.0,6.0,2,14,1.0,1.0,3.0,0.0,Wide,Normal,1.0,Left,0.0,,,0.0,,,,,,0.0,0.0,,0.0,,0.0,,,0.0,,1.0,1.0,0.0,,0.0,,Road
6,ATL,1,13:45,0,1.0,10.0,-35,Pass,11,"""-1x3+"", shotgun offset R",RB bk,N/A,,Kearse (R1),Catch,16.0,,"Hard, roll",RS,S,,,Under,4,0,65,0.0,16.0,13,45,1.0,1.0,3.0,0.0,Narrow,Wide,1.0,Right,0.0,,,1.0,RB,bk,WR,1,Right,0.0,1.0,16.0,0.0,,1.0,,,0.0,1.0,,1.0,0.0,,0.0,,Road
6,ATL,1,12:11,0,3.0,2.0,41,Run,11,"""-1x3*"", closed L, bunch R-, shotgun offset L",,Michael,,N/A,N/A,-4.0,,,,,M,,Under,,0,41,0.0,-4.0,12,11,1.0,1.0,3.0,0.0,Narrow,Normal,1.0,Left,0.0,,,0.0,,,,,,0.0,0.0,,0.0,,0.0,,,0.0,,,0.0,0.0,,1.0,-4.0,Road
6,ATL,1,7:39,0,1.0,10.0,-14,Pass,11,"""+3x1+"", shotgun offset R",,N/A,,"Michael (R RB, 2)",Catch,2.0,,,RB Screen R,S,,,Other Odd,4,0,86,0.0,2.0,7,39,1.0,1.0,3.0,0.0,Wide,Wide,1.0,Right,0.0,,,0.0,,,RB,2,Right,0.0,0.0,,0.0,,0.0,,,0.0,,,0.0,0.0,,0.0,,Road
6,ATL,1,6:08,0,1.0,10.0,-24,Run,11,"""-1x3+"", closed L, singleback",,Michael,,N/A,N/A,21.0,,,,,IR,,Over,,0,76,0.0,21.0,6,08,1.0,1.0,3.0,0.0,Narrow,Wide,0.0,,0.0,,1.0,0.0,,,,,,0.0,0.0,,1.0,21.0,1.0,,,0.0,,1.0,1.0,0.0,,0.0,,Road
6,ATL,1,2:07,0,1.0,9.0,9,Run,11,"""-1x3+"", closed L, singleback",,Michael,,N/A,N/A,9.0,,,,,IR,,Over,,1,9,1.0,9.0,2,07,1.0,1.0,3.0,0.0,Narrow,Wide,0.0,,0.0,,1.0,0.0,,,,,,0.0,0.0,,0.0,,0.0,,,0.0,,1.0,1.0,0.0,,0.0,,Road
6,ATL,2,14:16,7,2.0,8.0,-21,Run,11,"""+3x1-"", closed R, shotgun offset L",,Michael,,N/A,N/A,1.0,,,,,M,,Over,,0,79,0.0,1.0,14,16,1.0,1.0,3.0,0.0,Wide,Narrow,1.0,Left,0.0,,,0.0,,,,,,0.0,0.0,,0.0,,0.0,,,0.0,,,0.0,0.0,,0.0,,Road
6,ATL,2,13:32,7,3.0,8.0,-21,Pass,11,"""-1x3+"", closed L, shotgun offset L",,N/A,,"Graham (L LOS TE, 1)",Inc.,0.0,,,LM,S,,,Other Odd,5,0,79,0.0,0.0,13,32,1.0,1.0,3.0,0.0,Narrow,Wide,1.0,Left,0.0,,,0.0,,,TE,1,Left,0.0,0.0,,0.0,,0.0,,,0.0,,,0.0,0.0,,0.0,,Road
6,ATL,2,7:53,4,1.0,10.0,-41,Pass,11,"""+3x1-"", closed R, shotgun offset R",,N/A,,"Michael (R RB, 2)",Catch,8.0,,,Swing R,S,,,Over,5,0,59,0.0,8.0,7,53,1.0,1.0,3.0,0.0,Wide,Narrow,1.0,Right,0.0,,,0.0,,,RB,2,Right,0.0,0.0,,0.0,,0.0,,,0.0,1.0,,1.0,0.0,,0.0,,Road
6,ATL,2,5:20,4,1.0,10.0,26,Pass,11,"""+3x1-"", closed R, shotgun offset R",,N/A,,"Spiller (R RB, 2)",Catch,24.0,,,M,IS,,,Over,4,0,26,0.0,24.0,5,20,1.0,1.0,3.0,0.0,Wide,Narrow,1.0,Right,0.0,,,0.0,,,RB,2,Right,0.0,1.0,24.0,0.0,,1.0,,,0.0,1.0,,1.0,0.0,,0.0,,Road
6,ATL,2,1:58,11,1.0,10.0,45,Pass,11,"""+3x1-"" closed R, shotgun offset R",,N/A,,"Graham (R LOS TE, 1)",Catch,25.0,,,RM,IS,,,Over,4,0,45,0.0,25.0,1,58,1.0,1.0,3.0,0.0,Wide,Narrow,1.0,Right,0.0,,,0.0,,,TE,1,Right,0.0,1.0,25.0,0.0,,1.0,,,0.0,1.0,,1.0,0.0,,0.0,,Road
6,ATL,2,1:29,11,1.0,10.0,20,Run,11,"""+3x1-"", closed R, shotgun offset R",,Spiller,,N/A,N/A,-3.0,,,,,IL,,Over,,0,20,1.0,-3.0,1,29,1.0,1.0,3.0,0.0,Wide,Narrow,1.0,Right,0.0,,,0.0,,,,,,0.0,0.0,,0.0,,0.0,,,0.0,,,0.0,0.0,,1.0,-3.0,Road
6,ATL,3,6:05,0,1.0,10.0,-20,Pass,11,"""-1x3+"", closed L, shotgun offset L",,N/A,,"Spiller (L RB, 2)",Catch,8.0,,,LS,S,,,Over,4,0,80,0.0,8.0,6,05,1.0,1.0,3.0,0.0,Narrow,Wide,1.0,Left,0.0,,,0.0,,,RB,2,Left,0.0,0.0,,0.0,,0.0,,,0.0,1.0,,1.0,0.0,,0.0,,Road
6,ATL,3,5:28,0,2.0,3.0,-27,Pass,11,"""-1x3+"", closed L, shotgun offset L",,N/A,,Baldwin (R3),"LOS PD, Beasley",0.0,,,RM,S,,,Over,4,0,73,0.0,0.0,5,28,1.0,1.0,3.0,0.0,Narrow,Wide,1.0,Left,0.0,,,0.0,,,WR,3,Right,0.0,0.0,,0.0,,0.0,,,0.0,,,0.0,0.0,,0.0,,Road
6,ATL,3,5:23,0,3.0,2.0,-28,Pass,11,"""-1x3+"", shotgun offset L",,N/A,,Baldwin (R3),Catch,3.0,"Def. face mask, Trufant, +15",,RM,S,,,2 Eagle Even,4,0,72,0.0,18.0,5,23,1.0,1.0,3.0,0.0,Narrow,Wide,1.0,Left,0.0,,,0.0,,,WR,3,Right,0.0,0.0,,0.0,,0.0,Defense,Def. face mask,15.0,,,,0.0,,0.0,,Road
6,ATL,3,0:52,-7,1.0,10.0,-26,Run,11,"""+3x1-"", closed R, shotgun offset R",,R. Wilson,,N/A,N/A,2.0,,,,,SCR,,Over,4,0,74,0.0,2.0,0,52,1.0,1.0,3.0,0.0,Wide,Narrow,1.0,Right,0.0,,,0.0,,,,,,0.0,0.0,,0.0,,0.0,,,0.0,,,0.0,0.0,,0.0,,Road
6,ATL,4,13:27,-7,1.0,10.0,38,Pass,12,"""-1x3+"", closed L, singleback",TE in,N/A,,"L. Wilson (R LOS TE, 3)",Catch,9.0,,Hard,LM,S,,,Over,4,0,38,0.0,9.0,13,27,1.0,2.0,2.0,0.0,Narrow,Wide,0.0,,0.0,,1.0,1.0,TE,in,TE,3,Right,0.0,0.0,,0.0,,0.0,,,0.0,1.0,,1.0,0.0,,0.0,,Road
6,ATL,4,12:17,-7,1.0,10.0,10,Run,11,"""-1x3*"", closed L, bunch R-, singleback",,Michael,,N/A,N/A,0.0,,,,,IR,,Over,,1,10,1.0,0.0,12,17,1.0,1.0,3.0,0.0,Narrow,Normal,0.0,,0.0,,1.0,0.0,,,,,,0.0,0.0,,0.0,,0.0,,,0.0,,,0.0,0.0,,0.0,,Road
6,ATL,4,11:37,-7,2.0,10.0,10,Pass,11,"""-1x3+"", closed L, shotgun offset L",,N/A,,"Spiller (L RB, 2)",Inc.,0.0,,,LM,S,,,Over,4,1,10,1.0,0.0,11,37,1.0,1.0,3.0,0.0,Narrow,Wide,1.0,Left,0.0,,,0.0,,,RB,2,Left,0.0,0.0,,0.0,,0.0,,,0.0,,,0.0,0.0,,0.0,,Road
6,ATL,4,11:34,-7,3.0,10.0,10,Pass,11,"""-1x3+"", closed L, shotgun offset L",,N/A,,Kearse (R3),Inc.,0.0,,,M,ID,,,Other Even,4,1,10,1.0,0.0,11,34,1.0,1.0,3.0,0.0,Narrow,Wide,1.0,Left,0.0,,,0.0,,,WR,3,Right,0.0,0.0,,0.0,,0.0,,,0.0,,,0.0,0.0,,0.0,,Road
6,ATL,4,6:27,-7,1.0,10.0,37,Pass,11,"""+3x1-"", closed R, shotgun offset R",,N/A,,Baldwin (L2),Catch,11.0,,,RM,S,,,Over,4,0,37,0.0,11.0,6,27,1.0,1.0,3.0,0.0,Wide,Narrow,1.0,Right,0.0,,,0.0,,,WR,2,Left,0.0,0.0,,0.0,,0.0,,,0.0,1.0,,1.0,0.0,,0.0,,Road
6,ATL,4,6:04,-7,1.0,10.0,26,Run,11,"""+3x1-"", closed R, shotgun offset R",,R. Wilson,,N/A,N/A,6.0,,,,,SCR,,Over,4,0,26,0.0,6.0,6,04,1.0,1.0,3.0,0.0,Wide,Narrow,1.0,Right,0.0,,,0.0,,,,,,0.0,0.0,,0.0,,0.0,,,0.0,,1.0,1.0,0.0,,0.0,,Road
6,ATL,4,3:48,-1,1.0,10.0,50,Pass,11,"""-1x3+"", closed L, shotgun offset L",,N/A,,"Graham (L LOS TE, 1)",Inc.,0.0,,,LM,S,,,Other Even,4,0,50,0.0,0.0,3,48,1.0,1.0,3.0,0.0,Narrow,Wide,1.0,Left,0.0,,,0.0,,,TE,1,Left,0.0,0.0,,0.0,,0.0,,,0.0,,,0.0,0.0,,0.0,,Road
7,ARZ,1,11:17,0,2.0,10.0,-17,Pass,11,"""-3x1-"", closed R, bunch L-, shotgun offset R",,N/A,,Baldwin (BP),Catch,9.0,,,LM,S,,,Over,4,0,83,0.0,9.0,11,17,1.0,1.0,3.0,0.0,Narrow,Narrow,1.0,Right,0.0,,,0.0,,,WR,,,0.0,0.0,,0.0,,0.0,,,0.0,1.0,,1.0,0.0,,0.0,,Road
7,ARZ,1,10:40,0,3.0,1.0,-26,Run,11,"""-1x3*"", closed L, bunch R-, pistol",,R. Wilson,,N/A,N/A,-2.0,,,,,M,,Over,,0,74,0.0,-2.0,10,40,1.0,1.0,3.0,0.0,Narrow,Normal,0.0,,0.0,,,0.0,,,,,,0.0,0.0,,0.0,,0.0,,,0.0,,,0.0,0.0,,1.0,-2.0,Road
7,ARZ,1,8:56,0,1.0,10.0,-40,Pass,11,"""-1x3+"", closed L, shotgun offset R",,N/A,,Baldwin (R3),Inc.,0.0,,,LM,S,,,Over,4,0,60,0.0,0.0,8,56,1.0,1.0,3.0,0.0,Narrow,Wide,1.0,Right,0.0,,,0.0,,,WR,3,Right,0.0,0.0,,0.0,,0.0,,,0.0,,,0.0,0.0,,0.0,,Road
7,ARZ,1,8:50,0,2.0,10.0,-40,Pass,11,"""-1x3+"", closed L, shotgun offset R",,N/A,,"Michael (R RB, 4)",Catch,6.0,,,Swing R,S,,,Over,4,0,60,0.0,6.0,8,50,1.0,1.0,3.0,0.0,Narrow,Wide,1.0,Right,0.0,,,0.0,,,RB,4,Right,0.0,0.0,,0.0,,0.0,,,0.0,1.0,,1.0,0.0,,0.0,,Road
7,ARZ,1,8:10,0,3.0,4.0,-46,Pass,11,"""+3x1-"", closed R, shotgun offset R",,N/A,,"Vannett (R LOS TE, 1)",Inc.,0.0,,,RM,S,,,Other Odd,4,0,54,0.0,0.0,8,10,1.0,1.0,3.0,0.0,Wide,Narrow,1.0,Right,0.0,,,0.0,,,TE,1,Right,0.0,0.0,,0.0,,0.0,,,0.0,,,0.0,0.0,,0.0,,Road
7,ARZ,1,1:33,0,2.0,10.0,-1,Pass,12,"""-1x3-"", shotgun offset R",TE in,N/A,,"Graham (R LOS TE, 3)",Catch,4.0,,,RS,S,,,2 Eagle Odd,5,0,99,0.0,4.0,1,33,1.0,2.0,2.0,0.0,Narrow,Narrow,1.0,Right,0.0,,,1.0,TE,in,TE,3,Right,0.0,0.0,,0.0,,0.0,,,0.0,,,0.0,0.0,,0.0,,Road
7,ARZ,1,0:48,0,3.0,6.0,-5,Pass,11,"""+3x1-"", closed R, shotgun offset R",,N/A,,"Prosise (R RB, 2)",Inc.,0.0,,,RS,IS,,,Other Even,5,0,95,0.0,0.0,0,48,1.0,1.0,3.0,0.0,Wide,Narrow,1.0,Right,0.0,,,0.0,,,RB,2,Right,0.0,0.0,,0.0,,0.0,,,0.0,,,0.0,0.0,,0.0,,Road
7,ARZ,2,13:20,0,1.0,10.0,-31,Run,11,"""+3x1-"", closed R, shotgun offset L",,N/A,,"Michael (L RB, 4)",Catch,3.0,,,,,M,,Over,,0,69,0.0,3.0,13,20,1.0,1.0,3.0,0.0,Wide,Narrow,1.0,Left,0.0,,,0.0,,,RB,4,Left,0.0,0.0,,0.0,,0.0,,,0.0,,,0.0,0.0,,0.0,,Road
7,ARZ,2,3:06,-3,1.0,10.0,-17,Run,11,"""+3x1-"", closed R, shotgun offset R",,Michael,,N/A,N/A,6.0,,,,,IL,,Over,,0,83,0.0,6.0,3,06,1.0,1.0,3.0,0.0,Wide,Narrow,1.0,Right,0.0,,,0.0,,,,,,0.0,0.0,,0.0,,0.0,,,0.0,,1.0,1.0,0.0,,0.0,,Road
7,ARZ,2,2:39,-3,2.0,4.0,-23,Run,11,"""-1x3+"", closed L, shotgun offset L",,Michael,,N/A,N/A,6.0,,,,,M,,Over,,0,77,0.0,6.0,2,39,1.0,1.0,3.0,0.0,Narrow,Wide,1.0,Left,0.0,,,0.0,,,,,,0.0,0.0,,0.0,,0.0,,,0.0,,1.0,1.0,0.0,,0.0,,Road
7,ARZ,2,2:00,-3,2.0,10.0,-29,Pass,11,"""-1x3+"", closed L, shotgun offset L",,N/A,,Baldwin (R3),Catch,5.0,,,RM,S,,,Over,4,0,71,0.0,5.0,2,00,1.0,1.0,3.0,0.0,Narrow,Wide,1.0,Left,0.0,,,0.0,,,WR,3,Right,0.0,0.0,,0.0,,0.0,,,0.0,,,0.0,0.0,,0.0,,Road
7,ARZ,2,1:45,-3,3.0,15.0,-24,Pass,11,"""-3x1-"", closed R, bunch L-, shotgun offset R",,N/A,,"Graham (R LOS TE, 1)",Inc.,0.0,,,LM,S,,,Other Odd,4,0,76,0.0,0.0,1,45,1.0,1.0,3.0,0.0,Narrow,Narrow,1.0,Right,0.0,,,0.0,,,TE,1,Right,0.0,0.0,,0.0,,0.0,,,0.0,,,0.0,0.0,,0.0,,Road
7,ARZ,3,14:54,-3,1.0,10.0,-28,Run,11,"""+3x1-"", closed R, shotgun offset L",,Michael,,N/A,N/A,4.0,,,,,M,,Over,,0,72,0.0,4.0,14,54,1.0,1.0,3.0,0.0,Wide,Narrow,1.0,Left,0.0,,,0.0,,,,,,0.0,0.0,,0.0,,0.0,,,0.0,,,0.0,0.0,,0.0,,Road
7,ARZ,3,3:57,-3,2.0,7.0,-21,Run,11,"""-1x3+"", closed L, pistol",,Michael,,N/A,N/A,4.0,,,,,IL,,Over,,0,79,0.0,4.0,3,57,1.0,1.0,3.0,0.0,Narrow,Wide,0.0,,0.0,,,0.0,,,,,,0.0,0.0,,0.0,,0.0,,,0.0,,,0.0,0.0,,0.0,,Road
7,ARZ,4,11:51,-3,1.0,10.0,-21,Pass,12,"""-1x3-"", closed L, singleback",TE in,N/A,,Michael (RB 0),Inc.,,"Off. Holding, Sowell, -10",Hard,LS,S,,,Over,4,0,79,0.0,,11,51,1.0,2.0,2.0,0.0,Narrow,Narrow,0.0,,0.0,,1.0,1.0,TE,in,RB,0,Right,0.0,0.0,,0.0,,0.0,Offense,Off. Holding,-10.0,,,0.0,0.0,,0.0,,Road
7,ARZ,4,11:43,-3,1.0,20.0,-11,Pass,11,"""+3x1-"", closed R, shotgun offset R",,N/A,,Baldwin (L3),Inc.,0.0,,,RS,ID,,,Over,5,0,89,0.0,0.0,11,43,1.0,1.0,3.0,0.0,Wide,Narrow,1.0,Right,0.0,,,0.0,,,WR,3,Left,0.0,0.0,,0.0,,0.0,,,0.0,,,0.0,0.0,,0.0,,Road
7,ARZ,4,7:52,-3,3.0,29.0,-1,Pass,11,"""+3x1-"", closed R, shotgun offset R",,N/A,,Baldwin (L3),Catch,13.0,,,M,IS,,,Other Odd,4,0,99,0.0,13.0,7,52,1.0,1.0,3.0,0.0,Wide,Narrow,1.0,Right,0.0,,,0.0,,,WR,3,Left,0.0,0.0,,0.0,,0.0,,,0.0,,,0.0,0.0,,0.0,,Road
7,ARZ,4,4:22,-3,1.0,20.0,32,Pass,11,"""-1x3+"", closed L, shotgun offset L",,N/A,,Kearse (R1),Inc.,0.0,,,RS,ID,,,Over,4,0,32,0.0,0.0,4,22,1.0,1.0,3.0,0.0,Narrow,Wide,1.0,Left,0.0,,,0.0,,,WR,1,Right,0.0,0.0,,0.0,,0.0,,,0.0,,,0.0,0.0,,0.0,,Road
7,ARZ,4,4:16,-3,2.0,20.0,32,Pass,11,"""-1x3+"", closed L, shotgun offset L",,N/A,,Baldwin (R3),Inc.,0.0,,,M,IS,,,Over,4,0,32,0.0,0.0,4,16,1.0,1.0,3.0,0.0,Narrow,Wide,1.0,Left,0.0,,,0.0,,,WR,3,Right,0.0,0.0,,0.0,,0.0,,,0.0,,,0.0,1.0,49.0,0.0,,Road
7,ARZ,4,0:55,0,1.0,10.0,-48,Pass,11,"""+3x1-"", closed R, shotgun offset L",,N/A,,Throwaway,Inc.,,"Off. Holding, Gilliam, -10",,,,,,Over,4,0,52,0.0,,0,55,1.0,1.0,3.0,0.0,Wide,Narrow,1.0,Left,0.0,,,0.0,,,,,,0.0,0.0,,0.0,,0.0,Offense,Off. Holding,-10.0,,,0.0,0.0,,0.0,,Road
7,ARZ,4,0:41,0,1.0,30.0,-28,Run,11,"""+3x1-"", shotgun offset L",,Prosise,,N/A,N/A,,,,,,M,,Other Odd,4,0,72,0.0,,0,41,1.0,1.0,3.0,0.0,Wide,Narrow,1.0,Left,0.0,,,0.0,,,,,,0.0,0.0,,0.0,,0.0,,,0.0,,,0.0,0.0,,0.0,,Road
7,ARZ,5,11:23,-3,1.0,10.0,-25,Run,12,"""+3x1-"", closed R, singleback",TE in,Michael,TE,N/A,N/A,,,,,,IR,,Over,,0,75,0.0,,11,23,1.0,2.0,2.0,0.0,Wide,Narrow,0.0,,0.0,,1.0,1.0,TE,in,,,,0.0,0.0,,0.0,,0.0,,,0.0,,,0.0,0.0,,0.0,,Road
7,ARZ,5,10:46,-3,1.0,10.0,-35,Pass,11,"""+3x1-"", closed R, shotgun offset R",WR in,N/A,,"Graham (R LOS TE, 1)",Catch,13.0,,"Hard, roll",RS,IS,,,Over,4,0,65,0.0,13.0,10,46,1.0,1.0,3.0,0.0,Wide,Narrow,1.0,Right,0.0,,,1.0,WR,in,TE,1,Right,0.0,0.0,,0.0,,0.0,,,0.0,1.0,,1.0,0.0,,0.0,,Road
7,ARZ,5,10:03,-3,1.0,10.0,-48,Pass,11,"""+3x1-"", closed R, shotgun offset R",,N/A,,"Graham (R LOS TE, 1)",Catch,8.0,,,M,S,,,Over,4,0,52,0.0,8.0,10,03,1.0,1.0,3.0,0.0,Wide,Narrow,1.0,Right,0.0,,,0.0,,,TE,1,Right,0.0,0.0,,0.0,,0.0,,,0.0,1.0,,1.0,0.0,,0.0,,Road
7,ARZ,5,9:30,-3,2.0,2.0,44,Run,11,"""+3x1-"", closed R, shotgun offset R",,Michael,,N/A,N/A,6.0,,,,,IL,,Over,,0,44,0.0,6.0,9,30,1.0,1.0,3.0,0.0,Wide,Narrow,1.0,Right,0.0,,,0.0,,,,,,0.0,0.0,,0.0,,0.0,,,0.0,,1.0,1.0,0.0,,0.0,,Road
7,ARZ,5,8:52,-3,1.0,10.0,38,Pass,11,"""-1x3+"", shotgun offset L",,N/A,,Graham (L1),Catch,14.0,,,M,S,,,Under,4,0,38,0.0,14.0,8,52,1.0,1.0,3.0,0.0,Narrow,Wide,1.0,Left,0.0,,,0.0,,,WR,1,Left,0.0,0.0,,0.0,,0.0,,,0.0,1.0,,1.0,0.0,,0.0,,Road
7,ARZ,5,8:14,-3,1.0,10.0,24,Run,11,"""+3x1-"", closed R, shotgun offset R",,Michael,,N/A,N/A,1.0,,,,,IL,,Under,,0,24,0.0,1.0,8,14,1.0,1.0,3.0,0.0,Wide,Narrow,1.0,Right,0.0,,,0.0,,,,,,0.0,0.0,,0.0,,0.0,,,0.0,,,0.0,0.0,,0.0,,Road
7,ARZ,5,7:34,-3,2.0,9.0,23,Pass,11,"""-1x3-"", closed L, shotgun offset L",,N/A,,Lockett (R1),Catch,5.0,,,RM,S,,,Over,4,0,23,0.0,5.0,7,34,1.0,1.0,3.0,0.0,Narrow,Narrow,1.0,Left,0.0,,,0.0,,,WR,1,Right,0.0,0.0,,0.0,,0.0,,,0.0,,,0.0,0.0,,0.0,,Road
7,ARZ,5,6:52,-3,3.0,4.0,18,Pass,11,"""+3x1*"", shotgun offset R",,N/A,,Graham (R1),Inc.,0.0,,,RS,D,,,Under,4,0,18,1.0,0.0,6,52,1.0,1.0,3.0,0.0,Wide,Normal,1.0,Right,0.0,,,0.0,,,WR,1,Right,0.0,0.0,,0.0,,0.0,,,0.0,,,0.0,1.0,35.0,0.0,,Road
7,ARZ,5,3:19,0,1.0,10.0,-20,Run,12,"""+3x1-"", closed R, shotgun offset R",,Michael,,N/A,N/A,0.0,,,,,M,,2 Eagle Odd,,0,80,0.0,0.0,3,19,1.0,2.0,2.0,0.0,Wide,Narrow,1.0,Right,0.0,,,0.0,,,,,,0.0,0.0,,0.0,,0.0,,,0.0,,,0.0,0.0,,0.0,,Road
7,ARZ,5,1:53,0,1.0,10.0,43,Run,12,"""-1x3+"", closed L, singleback",TE in,Michael,TE,N/A,N/A,5.0,,,,,IL,,Over,,0,43,0.0,5.0,1,53,1.0,2.0,2.0,0.0,Narrow,Wide,0.0,,0.0,,1.0,1.0,TE,in,,,,0.0,0.0,,0.0,,0.0,,,0.0,,1.0,1.0,0.0,,0.0,,Road
7,ARZ,5,0:54,0,1.0,9.0,9,Run,11,"""+3x1-"", closed R, shotgun offset R",,Michael,,N/A,N/A,-1.0,,,,,M,,Over,,1,9,1.0,-1.0,0,54,1.0,1.0,3.0,0.0,Wide,Narrow,1.0,Right,0.0,,,0.0,,,,,,0.0,0.0,,0.0,,0.0,,,0.0,,,0.0,0.0,,1.0,-1.0,Road
8,NOR,2,11:33,4,1.0,10.0,-25,Pass,11,"""-3x1-"", closed R, bunch L-, shotgun offset R",,N/A,,Lockett (BI),7,7.0,,Hard,RM,S,,,Under,4,0,75,0.0,7.0,11,33,1.0,1.0,3.0,0.0,Narrow,Narrow,1.0,Right,0.0,,,0.0,,,WR,,,0.0,0.0,,0.0,,0.0,,,0.0,1.0,,1.0,0.0,,0.0,,Road
8,NOR,3,10:32,1,1.0,10.0,30,Pass,11,"""-3x1-"", closed R, bunch L-, shotgun offset R",,N/A,,"Michael (R RB, 2)",Inc.,0.0,,,RM,S,,,Over,4,0,30,0.0,0.0,10,32,1.0,1.0,3.0,0.0,Narrow,Narrow,1.0,Right,0.0,,,0.0,,,RB,2,Right,0.0,0.0,,0.0,,0.0,,,0.0,,,0.0,0.0,,0.0,,Road
8,NOR,4,12:24,-5,1.0,10.0,-25,Pass,11,"""-1x3-"", closed L, bunch R-, shotgun offset L",,N/A,,Lockett (BI),Catch,8.0,,"Hard, roll",LS,S,,,Other Even,4,0,75,0.0,8.0,12,24,1.0,1.0,3.0,0.0,Narrow,Narrow,1.0,Left,0.0,,,0.0,,,WR,,,0.0,0.0,,0.0,,0.0,,,0.0,1.0,,1.0,0.0,,0.0,,Road
8,NOR,4,7:24,-5,2.0,10.0,10,Pass,11,"""-1x3-"", closed L, shotgun offset L",,N/A,,"Graham (L LOS TE, 1)",Inc.,0.0,,,LM,IS,,,Over,4,1,10,1.0,0.0,7,24,1.0,1.0,3.0,0.0,Narrow,Narrow,1.0,Left,0.0,,,0.0,,,TE,1,Left,0.0,0.0,,0.0,,0.0,,,0.0,,,0.0,0.0,,0.0,,Road
8,NOR,4,7:20,-5,3.0,10.0,10,Pass,11,"""-1x3+"", closed L, shotgun offset L",,N/A,,Lockett (R3),Catch,7.0,,,RS,S,,,Over,4,1,10,1.0,7.0,7,20,1.0,1.0,3.0,0.0,Narrow,Wide,1.0,Left,0.0,,,0.0,,,WR,3,Right,0.0,0.0,,0.0,,0.0,,,0.0,,,0.0,0.0,,0.0,,Road
8,NOR,4,0:33,-5,3.0,6.0,45,Pass,11,"""-3x1-"", bunch L-, shotgun offset R",,N/A,,Baldwin (BI),Catch,27.0,,,LM,S,,,Other Odd,2,0,45,0.0,27.0,0,33,1.0,1.0,3.0,0.0,Narrow,Narrow,1.0,Right,0.0,,,0.0,,,WR,,,0.0,1.0,27.0,0.0,,1.0,,,0.0,1.0,,1.0,0.0,,0.0,,Road
9,BUF,1,14:30,0,2.0,1.0,-34,Run,12,"""-1x3*"", closed L, singleback",WR in,Michael,,N/A,N/A,-2.0,,,,,IR,,Over,,0,66,0.0,-2.0,14,30,1.0,2.0,2.0,0.0,Narrow,Normal,0.0,,0.0,,1.0,1.0,WR,in,,,,0.0,0.0,,0.0,,0.0,,,0.0,,,0.0,0.0,,1.0,-2.0,Home
9,BUF,2,8:02,-3,3.0,8.0,-46,Pass,11,"""-3x1-"", bunch L-, shotgun offset R",,N/A,,N/A,"Sack, Hughes",-10.0,,,,,,,Over,5,0,54,0.0,-10.0,8,02,1.0,1.0,3.0,0.0,Narrow,Narrow,1.0,Right,0.0,,,0.0,,,,,,0.0,0.0,,0.0,,0.0,,,0.0,,,0.0,0.0,,1.0,-10.0,Home
9,BUF,4,3:04,6,2.0,11.0,-17,Run,11,"""-1x3+"", closed L, singleback",WR in,Prosise,,N/A,N/A,3.0,,,,,IR,,2 Eagle Odd,,0,83,0.0,3.0,3,04,1.0,1.0,3.0,0.0,Narrow,Wide,0.0,,0.0,,1.0,1.0,WR,in,,,,0.0,0.0,,0.0,,0.0,,,0.0,,,0.0,0.0,,0.0,,Home
10,NE,1,7:23,-7,3.0,4.0,8,Pass,11,"""-1x3-"", closed L, shotgun offset L",WR in,N/A,,Kearse (R1),Inc.,0.0,,,RM,S,,,Other Even,5,0,8,1.0,0.0,7,23,1.0,1.0,3.0,0.0,Narrow,Narrow,1.0,Left,0.0,,,1.0,WR,in,WR,1,Right,0.0,0.0,,0.0,,0.0,,,0.0,,,0.0,1.0,25.0,0.0,,Road
10,NE,1,4:34,-4,1.0,10.0,50,Pass,12,"""+3x1+"", shotgun offset R",,N/A,,"Michael (R RB, 2)",Catch,4.0,,,Swing R,S,,,2 Eagle Even,4,0,50,0.0,4.0,4,34,1.0,2.0,2.0,0.0,Wide,Wide,1.0,Right,0.0,,,0.0,,,RB,2,Right,0.0,0.0,,0.0,,0.0,,,0.0,,,0.0,1.0,67.0,0.0,,Road
10,NE,1,0:02,-1,1.0,10.0,-35,Pass,12,"""-1x3-"", closed L, singleback",TE in,N/A,,"Graham (R LOS TE, 3)",Catch,11.0,,Hard,RS,IS,,,2 Eagle Even,4,0,65,0.0,11.0,0,02,1.0,2.0,2.0,0.0,Narrow,Narrow,0.0,,0.0,,1.0,1.0,TE,in,TE,3,Right,0.0,0.0,,0.0,,0.0,,,0.0,1.0,,1.0,0.0,,0.0,,Road
10,NE,2,14:28,-1,2.0,7.0,-49,Pass,11,"""-1x3+"", closed L, singleback",,N/A,,Lockett (R3),Inc.,0.0,,Hard,RS,S,,,2 Eagle Even,5,0,51,0.0,0.0,14,28,1.0,1.0,3.0,0.0,Narrow,Wide,0.0,,0.0,,1.0,0.0,,,WR,3,Right,0.0,0.0,,0.0,,0.0,,,0.0,,,0.0,0.0,,0.0,,Road
10,NE,3,5:03,-2,2.0,7.0,17,Pass,11,"""+3x1-"", closed R, shotgun offset R",,N/A,,"Prosise (R RB, 2)",Catch,10.0,,,Swing R,S,,,Under,5,0,17,1.0,10.0,5,03,1.0,1.0,3.0,0.0,Wide,Narrow,1.0,Right,0.0,,,0.0,,,RB,2,Right,0.0,0.0,,0.0,,0.0,,,0.0,1.0,,1.0,0.0,,0.0,,Road
10,NE,4,9:03,-2,3.0,5.0,5,Pass,11,"""+3x1-"", closed R, shotgun offset R",WR in,N/A,,Lockett (L3),Inc.,0.0,,,LS,S,,,Other Odd,5,1,5,1.0,0.0,9,03,1.0,1.0,3.0,0.0,Wide,Narrow,1.0,Right,0.0,,,1.0,WR,in,WR,3,Left,0.0,0.0,,0.0,,0.0,,,0.0,,,0.0,0.0,,0.0,,Road
10,NE,4,4:24,7,,,2,"Pass, 2PT",11,"""-3x1-"", closed R, bunch L-, shotgun offset R",,N/A,,Baldwin (BP),"Inc., 2PT Fail",,,,LS,S,,,Over,3,0,2,1.0,,4,24,1.0,1.0,3.0,0.0,Narrow,Narrow,1.0,Right,0.0,,,0.0,,,WR,,,0.0,0.0,,0.0,,0.0,,,0.0,,,0.0,0.0,,0.0,,Road
11,PHI,1,15:00,0,1.0,10.0,-25,Pass,11,"""+1x3+"", shotgun offset L",,N/A,,"Prosise (R RB, 2)",Catch,0.0,,,Swing L,S,,,Over,4,0,75,0.0,0.0,15,00,1.0,1.0,3.0,0.0,Wide,Wide,1.0,Left,0.0,,,0.0,,,RB,2,Right,0.0,0.0,,0.0,,0.0,,,0.0,,,0.0,0.0,,0.0,,Home
11,PHI,1,14:28,0,3.0,10.0,-25,Run,11,"""-1x3-"", shotgun offset L",,R. Wilson,,N/A,N/A,6.0,,,,,SCR,,Over,4,0,75,0.0,6.0,14,28,1.0,1.0,3.0,0.0,Narrow,Narrow,1.0,Left,0.0,,,0.0,,,,,,0.0,0.0,,0.0,,0.0,,,0.0,,,0.0,0.0,,0.0,,Home
11,PHI,2,14:07,-1,1.0,10.0,-8,Pass,11,"""+3x1-"", closed R, shotgun offset L",,N/A,,Kearse (L1),Catch,12.0,,"Hard, roll",LS,S,,,Over,4,0,92,0.0,12.0,14,07,1.0,1.0,3.0,0.0,Wide,Narrow,1.0,Left,0.0,,,0.0,,,WR,1,Left,0.0,0.0,,0.0,,0.0,,,0.0,1.0,,1.0,0.0,,0.0,,Home
11,PHI,2,12:03,-1,1.0,10.0,-33,Pass,12,"""+3x1-"", closed R, singleback",TE in,N/A,,Baldwin (L2),Inc.,,"Def. holding, Jenkins, +5",Hard,LS,D,,,Under,4,0,67,0.0,,12,03,1.0,2.0,2.0,0.0,Wide,Narrow,0.0,,0.0,,1.0,1.0,TE,in,WR,2,Left,0.0,0.0,,0.0,,0.0,Defense,Def. holding,5.0,,,,0.0,,0.0,,Home
11,PHI,2,3:58,6,2.0,3.0,3,Pass,11,"""-1x3+"", closed L, singleback",,N/A,,Kearse (R1),Inc.,0.0,,Hard,RS,S,,,Over,4,1,3,1.0,0.0,3,58,1.0,1.0,3.0,0.0,Narrow,Wide,0.0,,0.0,,1.0,0.0,,,WR,1,Right,0.0,0.0,,0.0,,0.0,,,0.0,,,0.0,1.0,20.0,0.0,,Home
11,PHI,2,2:47,9,1.0,10.0,-30,Run,11,"""+1x3+"", shotgun offset L",,Prosise,,N/A,N/A,,"Off. Holding, Glowinski, -10",,,,M,,Under,,0,70,0.0,,2,47,1.0,1.0,3.0,0.0,Wide,Wide,1.0,Left,0.0,,,0.0,,,,,,0.0,0.0,,0.0,,0.0,Offense,Off. Holding,-10.0,,,0.0,0.0,,0.0,,Home
11,PHI,3,14:01,9,1.0,10.0,-22,Run,11,"""+3x1-"", closed R, singleback",,Rawls,,N/A,N/A,5.0,,,,,IL,,Over,,0,78,0.0,5.0,14,01,1.0,1.0,3.0,0.0,Wide,Narrow,0.0,,0.0,,1.0,0.0,,,,,,0.0,0.0,,0.0,,0.0,,,0.0,,1.0,1.0,0.0,,0.0,,Home
11,PHI,3,12:38,9,1.0,10.0,-36,Run,12,"""+1x3+"", shotgun offset L",,R. Wilson,,N/A,N/A,3.0,,,,,SCR,,Over,4,0,64,0.0,3.0,12,38,1.0,2.0,2.0,0.0,Wide,Wide,1.0,Left,0.0,,,0.0,,,,,,0.0,0.0,,0.0,,0.0,,,0.0,,,0.0,0.0,,0.0,,Home
11,PHI,3,12:06,9,2.0,7.0,39,Run,11,"""-1x3+"", closed L, singleback",,Pope,,N/A,N/A,1.0,,,,,IL,,Over,,0,39,0.0,1.0,12,06,1.0,1.0,3.0,0.0,Narrow,Wide,0.0,,0.0,,1.0,0.0,,,,,,0.0,0.0,,0.0,,0.0,,,0.0,,,0.0,0.0,,0.0,,Home
11,PHI,4,8:13,19,2.0,8.0,29,Run,11,"""-1x3+"", closed L, bunch R*, shotgun offset L",,Rawls,,N/A,N/A,3.0,,,,,M,,Over,,0,29,0.0,3.0,8,13,1.0,1.0,3.0,0.0,Narrow,Wide,1.0,Left,0.0,,,0.0,,,,,,0.0,0.0,,0.0,,0.0,,,0.0,,,0.0,0.0,,0.0,,Home
11,PHI,4,7:30,19,3.0,5.0,26,Pass,11,"""-3x1-"", bunch L-, shotgun offset R",WR in,N/A,,Throwaway,Inc.,0.0,,,,,,,2 Eagle Even,4,0,26,0.0,0.0,7,30,1.0,1.0,3.0,0.0,Narrow,Narrow,1.0,Right,0.0,,,1.0,WR,in,,,,0.0,0.0,,0.0,,0.0,,,0.0,,,0.0,0.0,,0.0,,Home
11,PHI,4,3:41,11,1.0,10.0,48,Run,2 QB,"""+3x1-"", closed R, singleback",,Boykin,,N/A,N/A,-5.0,,,,,IR,,Over,,0,48,0.0,-5.0,3,41,1.0,1.0,3.0,0.0,Wide,Narrow,0.0,,0.0,,1.0,0.0,,,,,,0.0,0.0,,0.0,,0.0,,,0.0,,,0.0,0.0,,1.0,-5.0,Home
11,PHI,4,3:37,11,2.0,15.0,-47,Run,2 QB,"""+3x1-"", closed R, shotgun offset R",,R. Wilson,,N/A,N/A,4.0,,,,,OR,,Over,,0,53,0.0,4.0,3,37,1.0,1.0,3.0,0.0,Wide,Narrow,1.0,Right,0.0,,,0.0,,,,,,0.0,0.0,,0.0,,0.0,,,0.0,,,0.0,0.0,,0.0,,Home
12,TB,1,1:43,-14,1.0,10.0,-36,Pass,12,"""+3x1-"", closed R, shotgun offset R",TE in,N/A,,"L. Wilson (R LOS TE, 1)",Catch,11.0,,,RM,S,,,Over,5,0,64,0.0,11.0,1,43,1.0,2.0,2.0,0.0,Wide,Narrow,1.0,Right,0.0,,,1.0,TE,in,TE,1,Right,0.0,0.0,,0.0,,0.0,,,0.0,1.0,,1.0,0.0,,0.0,,Road
12,TB,2,13:13,-12,2.0,10.0,-28,Run,11,"""+3x1-"", closed R, shotgun offset R",WR in,R. Wilson,,N/A,N/A,17.0,,,,,OR,,Over,,0,72,0.0,17.0,13,13,1.0,1.0,3.0,0.0,Wide,Narrow,1.0,Right,0.0,,,1.0,WR,in,,,,0.0,0.0,,1.0,17.0,1.0,,,0.0,,1.0,1.0,1.0,89.0,0.0,,Road
12,TB,2,6:30,-9,1.0,10.0,-14,Run,11,"""-1x3*"", closed L, bunch R-",,Rawls,,N/A,N/A,5.0,,,,,M,,Over,,0,86,0.0,5.0,6,30,1.0,1.0,3.0,0.0,Narrow,Normal,0.0,,0.0,,,0.0,,,,,,0.0,0.0,,0.0,,0.0,,,0.0,,1.0,1.0,0.0,,0.0,,Road
12,TB,2,5:59,-9,2.0,5.0,-19,Run,11,"""+1x3+"", shotgun offset L",,Rawls,,N/A,N/A,1.0,,,,,M,,Under,,0,81,0.0,1.0,5,59,1.0,1.0,3.0,0.0,Wide,Wide,1.0,Left,0.0,,,0.0,,,,,,0.0,0.0,,0.0,,0.0,,,0.0,,,0.0,0.0,,0.0,,Road
12,TB,3,15:00,-9,1.0,10.0,-25,Pass,12,"""+3x1-"", closed R, singleback",TE in,N/A,,Kearse (L1),Catch,,"Chop block, Hunt, -11",,WR Screen L,S,,,Over,4,0,75,0.0,,15,00,1.0,2.0,2.0,0.0,Wide,Narrow,0.0,,0.0,,1.0,1.0,TE,in,WR,1,Left,0.0,0.0,,0.0,,0.0,Offense,Chop block,-11.0,,,0.0,0.0,,0.0,,Road
12,TB,3,10:46,-9,1.0,10.0,-15,Run,11,"""+3x1+"", shotgun offset R",,R. Wilson,,N/A,N/A,13.0,,,,,OR,,Under,,0,85,0.0,13.0,10,46,1.0,1.0,3.0,0.0,Wide,Wide,1.0,Right,0.0,,,0.0,,,,,,0.0,0.0,,1.0,13.0,1.0,,,0.0,,1.0,1.0,0.0,,0.0,,Road
12,TB,3,10:01,-9,2.0,10.0,-29,Pass,11,"""+3x1-"", shotgun offset R",,N/A,,Baldwin (L3),Catch,1.0,,Hard,RM,S,,,2 Eagle Odd,4,0,71,0.0,1.0,10,01,1.0,1.0,3.0,0.0,Wide,Narrow,1.0,Right,0.0,,,0.0,,,WR,3,Left,0.0,0.0,,0.0,,0.0,,,0.0,,,0.0,0.0,,0.0,,Road
12,TB,3,9:17,-9,3.0,9.0,-30,Pass,11,"""+3x1-"", shotgun offset R",,N/A,,Lockett (L2),Inc.,0.0,,,LS,ID,,,Over,5,0,70,0.0,0.0,9,17,1.0,1.0,3.0,0.0,Wide,Narrow,1.0,Right,0.0,,,0.0,,,WR,2,Left,0.0,0.0,,0.0,,0.0,,,0.0,,,0.0,0.0,,0.0,,Road
12,TB,3,5:03,-9,1.0,10.0,-9,Pass,11,"""+3x1-"", closed R, shotgun offset R",,N/A,,"Graham (R LOS TE, 1)",Catch,17.0,,Hard,RM,S,,,Over,4,0,91,0.0,17.0,5,03,1.0,1.0,3.0,0.0,Wide,Narrow,1.0,Right,0.0,,,0.0,,,TE,1,Right,0.0,1.0,17.0,0.0,,1.0,,,0.0,1.0,,1.0,0.0,,0.0,,Road
12,TB,3,4:29,-9,1.0,10.0,-26,Run,12,"""-1x3+"", closed L, shotgun offset L",,Rawls,,N/A,N/A,1.0,,,,,M,,Under,,0,74,0.0,1.0,4,29,1.0,2.0,2.0,0.0,Narrow,Wide,1.0,Left,0.0,,,0.0,,,,,,0.0,0.0,,0.0,,0.0,,,0.0,,,0.0,0.0,,0.0,,Road
12,TB,4,14:03,-9,1.0,10.0,-7,Run,11,"""+3x1-"", shotgun offset R",,R. Wilson,,N/A,N/A,7.0,,,,,SCR,,Under,4,0,93,0.0,7.0,14,03,1.0,1.0,3.0,0.0,Wide,Narrow,1.0,Right,0.0,,,0.0,,,,,,0.0,0.0,,0.0,,0.0,,,0.0,,1.0,1.0,0.0,,0.0,,Road
12,TB,4,11:58,-9,3.0,10.0,-32,Pass,11,"""+3x1-"", shotgun offset R",,N/A,,Lockett (L2),Inc.,0.0,,,LM,ID,,,Over,4,0,68,0.0,0.0,11,58,1.0,1.0,3.0,0.0,Wide,Narrow,1.0,Right,0.0,,,0.0,,,WR,2,Left,0.0,0.0,,0.0,,0.0,,,0.0,,,0.0,0.0,,0.0,,Road
12,TB,4,10:14,-9,1.0,10.0,-41,Pass,12,"""-1x3+"", closed L, shotgun offset L",,N/A,,Baldwin (R2),Catch,4.0,,,WR Screen R,S,,,Under,4,0,59,0.0,4.0,10,14,1.0,2.0,2.0,0.0,Narrow,Wide,1.0,Left,0.0,,,0.0,,,WR,2,Right,0.0,0.0,,0.0,,0.0,,,0.0,,,0.0,0.0,,0.0,,Road
12,TB,4,9:41,-9,2.0,6.0,-45,Run,11,"""+3x1-"", shotgun offset L",,R. Wilson,,N/A,N/A,13.0,,,,,SCR,,Under,4,0,55,0.0,13.0,9,41,1.0,1.0,3.0,0.0,Wide,Narrow,1.0,Left,0.0,,,0.0,,,,,,0.0,0.0,,1.0,13.0,1.0,,,0.0,,1.0,1.0,0.0,,0.0,,Road
12,TB,4,9:12,-9,1.0,10.0,42,Pass,11,"""+3x1+"", shotgun offset R",,N/A,,Baldwin (L3),Catch,-1.0,,,WR Screen L,S,,,2 Eagle Even,4,0,42,0.0,-1.0,9,12,1.0,1.0,3.0,0.0,Wide,Wide,1.0,Right,0.0,,,0.0,,,WR,3,Left,0.0,0.0,,0.0,,0.0,,,0.0,,,0.0,0.0,,1.0,-1.0,Road
12,TB,4,8:35,-9,2.0,11.0,43,Pass,11,"""-1x3+"", shotgun offset L",,N/A,,Graham (L1),Catch,13.0,,,LM,S,,,2 Eagle Even,4,0,43,0.0,13.0,8,35,1.0,1.0,3.0,0.0,Narrow,Wide,1.0,Left,0.0,,,0.0,,,WR,1,Left,0.0,0.0,,0.0,,0.0,,,0.0,1.0,,1.0,0.0,,0.0,,Road
12,TB,4,8:02,-9,2.0,10.0,30,Run,11,"""+3x1-"", closed R, shotgun offset R",WR in,Rawls,,N/A,N/A,3.0,,,,,M,,2 Eagle Even,,0,30,0.0,3.0,8,02,1.0,1.0,3.0,0.0,Wide,Narrow,1.0,Right,0.0,,,1.0,WR,in,,,,0.0,0.0,,0.0,,0.0,,,0.0,,,0.0,0.0,,0.0,,Road
12,TB,4,7:19,-9,3.0,7.0,27,Pass,11,"""+3x1-"", shotgun offset R",,N/A,,Graham (R1),"Catch, Fumble, L. David",5.0,,,LM,S,,,2 Eagle Even,4,0,27,0.0,5.0,7,19,1.0,1.0,3.0,0.0,Wide,Narrow,1.0,Right,0.0,,,0.0,,,WR,1,Right,0.0,0.0,,0.0,,0.0,,,0.0,,,0.0,0.0,,0.0,,Road
13,CAR,1,14:46,0,1.0,8.0,8,Run,12,"""-1x3+"", closed L, shotgun offset L",,Rawls,,N/A,N/A,2.0,,,,,M,,2 Eagle Odd,,1,8,1.0,2.0,14,46,1.0,2.0,2.0,0.0,Narrow,Wide,1.0,Left,0.0,,,0.0,,,,,,0.0,0.0,,0.0,,0.0,,,0.0,,,0.0,1.0,25.0,0.0,,Home
13,CAR,1,10:37,3,1.0,10.0,-8,Pass,12,"""-1x3+"", shotgun offset L",TE in,N/A,,Kearse (L1),Catch,6.0,,,RS,S,,,Over,5,0,92,0.0,6.0,10,37,1.0,2.0,2.0,0.0,Narrow,Wide,1.0,Left,0.0,,,1.0,TE,in,WR,1,Left,0.0,0.0,,0.0,,0.0,,,0.0,1.0,,1.0,0.0,,0.0,,Home
13,CAR,1,9:32,3,1.0,10.0,46,Run,12,"""-1x3+"", closed L, shotgun offset L",TE in,Rawls,,N/A,N/A,2.0,,,,,M,,Under,,0,46,0.0,2.0,9,32,1.0,2.0,2.0,0.0,Narrow,Wide,1.0,Left,0.0,,,1.0,TE,in,,,,0.0,0.0,,0.0,,0.0,,,0.0,,,0.0,0.0,,0.0,,Home
13,CAR,1,2:47,10,1.0,10.0,-21,Pass,11,"""+3x1-"", shotgun offset L",RB bk,N/A,,Kearse (L1),Catch,7.0,,"Hard, roll",LS,S,,,Other Odd,5,0,79,0.0,7.0,2,47,1.0,1.0,3.0,0.0,Wide,Narrow,1.0,Left,0.0,,,1.0,RB,bk,WR,1,Left,0.0,0.0,,0.0,,0.0,,,0.0,1.0,,1.0,0.0,,0.0,,Home
13,CAR,2,12:33,10,2.0,16.0,-44,Pass,11,"""-1x3+"", shotgun offset L",,N/A,,Baldwin (R3),Catch,-2.0,,,WR Screen R,S,,,Under,4,0,56,0.0,-2.0,12,33,1.0,1.0,3.0,0.0,Narrow,Wide,1.0,Left,0.0,,,0.0,,,WR,3,Right,0.0,0.0,,0.0,,0.0,,,0.0,,,0.0,0.0,,1.0,-2.0,Home
13,CAR,2,7:28,10,1.0,10.0,-25,Run,11,"""+3x1+"", shotgun offset L",,Rawls,,N/A,N/A,13.0,,,,,M,,Under,,0,75,0.0,13.0,7,28,1.0,1.0,3.0,0.0,Wide,Wide,1.0,Left,0.0,,,0.0,,,,,,0.0,0.0,,1.0,13.0,1.0,,,0.0,,1.0,1.0,0.0,,0.0,,Home
13,CAR,2,3:52,10,2.0,9.0,28,Run,11,"""+3x1+"", shotgun offset L",,Pope,,N/A,N/A,2.0,,,,,M,,Under,,0,28,0.0,2.0,3,52,1.0,1.0,3.0,0.0,Wide,Wide,1.0,Left,0.0,,,0.0,,,,,,0.0,0.0,,0.0,,0.0,,,0.0,,,0.0,0.0,,0.0,,Home
13,CAR,2,2:00,10,2.0,12.0,19,Pass,11,"""-1x3+"", closed L, shotgun offset L",,N/A,,"Graham (L LOS TE, 1)",Inc.,0.0,,,LS,D,,,Over,4,0,19,1.0,0.0,2,00,1.0,1.0,3.0,0.0,Narrow,Wide,1.0,Left,0.0,,,0.0,,,TE,1,Left,0.0,0.0,,0.0,,0.0,,,0.0,,,0.0,1.0,36.0,0.0,,Home
13,CAR,2,0:21,13,2.0,10.0,13,Pass,11,"""-1x3+"", shotgun offset L",,N/A,,Throwaway,Inc.,0.0,,,,,,,Under,4,0,13,1.0,0.0,0,21,1.0,1.0,3.0,0.0,Narrow,Wide,1.0,Left,0.0,,,0.0,,,,,,0.0,0.0,,0.0,,0.0,,,0.0,,,0.0,0.0,,0.0,,Home
13,CAR,2,0:16,13,3.0,10.0,13,Pass,11,"""-1x3+"", closed L, shotgun offset L",,N/A,,"Graham (L LOS TE, 1)",Inc.,0.0,,,LS,D,,,Over,4,0,13,1.0,0.0,0,16,1.0,1.0,3.0,0.0,Narrow,Wide,1.0,Left,0.0,,,0.0,,,TE,1,Left,0.0,0.0,,0.0,,0.0,,,0.0,,,0.0,0.0,,0.0,,Home
13,CAR,3,7:37,23,2.0,11.0,-24,Pass,11,"""+3x1+"", shotgun offset L",,N/A,,Baldwin (L3),Catch,5.0,,Hard,WR Screen L,S,,,Over,4,0,76,0.0,5.0,7,37,1.0,1.0,3.0,0.0,Wide,Wide,1.0,Left,0.0,,,0.0,,,WR,3,Left,0.0,0.0,,0.0,,0.0,,,0.0,,,0.0,0.0,,0.0,,Home
13,CAR,4,12:00,23,3.0,8.0,13,Pass,11,"""+3x1-"", closed R, shotgun offset R",,N/A,,"Graham (R LOS TE, 1)",Catch,12.0,,,RM,S,,,Over,4,0,13,1.0,12.0,12,00,1.0,1.0,3.0,0.0,Wide,Narrow,1.0,Right,0.0,,,0.0,,,TE,1,Right,0.0,0.0,,0.0,,0.0,,,0.0,1.0,,1.0,0.0,,0.0,,Home
