Week,Opponent,Quarter,Time,Score_Margin,Down,Distance,POS,Play_Type,Personnel,Formation,Motion,Runner,Lead_Block,Target,Catch,Gain,Penalty,Play_Action,Pass_Area,Pass_Depth,Run_Area,Def_Package,Def_Front,Pass_Rushers,Goal_Line,LOS_to_Goal,Net_Gain,Minute,Second,Num_RB,Num_TE,Num_WR,6_OL,Left_Split,Right_Split,Shotgun,Shotgun_Offset,I-Form,I-Form_Offset,Motion_Bool,Motion_Pos,Motion_Dir,Target_Pos,Target_Align,Pass_Dir,TD,Explosive_Pass,Explosive_Pass_Yd,Explosive_Run,Explosive_Run_Yd,Explosive_Play,Successful_Pass,Successful_Run,Successful_Play,Sack_TFL,Sack_TFL_Yards,Penalty_Team,Penalty_Type,Penalty_Yards,Home/Road
1,IND,1,9:06,0,1,10.0,-20,Pass,11,"""+2x2+"", shotgun offset R",TE in,N/A,,Tate (R1),Catch,11.0,,Soft,RM,S,,,Other Odd,5,0,80,11.0,9,06,1.0,1.0,3.0,0.0,Wide,Wide,1.0,Right,0.0,,1.0,TE,in,TE,1,Right,0.0,0.0,,0.0,,0.0,1.0,,1.0,0.0,,,,0.0,Road
1,IND,1,8:02,0,2,6.0,-35,Pass,11,"""+3x1"", shotgun offset R",,N/A,,Boldin (L3),Catch,12.0,"Off. Holding, Tate, -10",,M,S,,,Over,6,0,65,22.0,8,02,1.0,1.0,3.0,0.0,Wide,"""",1.0,Right,0.0,,0.0,,,WR,3,Left,0.0,0.0,,0.0,,0.0,1.0,,1.0,0.0,,Defense,Off. Holding,10.0,Road
1,IND,1,7:10,0,2,6.0,-47,Pass,11,"""+2x2"", shotgun offset L",,N/A,,Tate (R1),Catch,6.0,,,RS,S,,,Under,5,0,53,6.0,7,10,1.0,1.0,3.0,0.0,Wide,"""",1.0,Left,0.0,,0.0,,,TE,1,Right,0.0,0.0,,0.0,,0.0,1.0,,1.0,0.0,,,,0.0,Road
1,IND,1,6:26,0,1,10.0,47,Pass,11,"""+2x2"", pistol",TE in,N/A,,M. Jones (L1),Inc.,0.0,,Hard,WR Screen L,S,,,Over,4,0,47,0.0,6,26,1.0,1.0,3.0,0.0,Wide,"""",0.0,,0.0,,1.0,TE,in,WR,1,Left,0.0,0.0,,0.0,,0.0,,,0.0,0.0,,,,0.0,Road
1,IND,1,5:31,0,1,10.0,34,Pass,11,"""-1x3-"", bunch R-, shotgun offset L",,N/A,,"Riddick (L RB, 2)",Catch,13.0,,,LM,S,,,Other Odd,4,0,34,13.0,5,31,1.0,1.0,3.0,0.0,Narrow,Narrow,1.0,Left,0.0,,0.0,,,RB,2,Left,0.0,0.0,,0.0,,0.0,1.0,,1.0,0.0,,,,0.0,Road
1,IND,1,2:38,7,2,9.0,-21,Pass,11,"""+2x2+"", shotgun offset L",,N/A,,M. Jones (R1),Inc.,0.0,,Soft,RS,IS,,,Over,4,0,79,0.0,2,38,1.0,1.0,3.0,0.0,Wide,Wide,1.0,Left,0.0,,0.0,,,WR,1,Right,0.0,0.0,,0.0,,0.0,,,0.0,0.0,,,,0.0,Road
1,IND,1,2:32,7,3,9.0,-21,Pass,11,"""-1x3-"", closed L, bunch R-, shotgun offset R",,N/A,,Tate (BO),Catch,3.0,,Soft,WR Screen R,S,,,Under,4,0,79,3.0,2,32,1.0,1.0,3.0,0.0,Narrow,Narrow,1.0,Right,0.0,,0.0,,,TE,,,0.0,0.0,,0.0,,0.0,,,0.0,0.0,,,,0.0,Road
1,IND,1,0:37,7,2,11.0,-17,Pass,11,"""+1x3+"", shotgun offset L",,N/A,,"Riddick (L RB, 2)",Catch,8.0,,,LM,S,,,Over,4,0,83,8.0,0,37,1.0,1.0,3.0,0.0,Wide,Wide,1.0,Left,0.0,,0.0,,,RB,2,Left,0.0,0.0,,0.0,,0.0,1.0,,1.0,0.0,,,,0.0,Road
1,IND,2,13:45,7,2,5.0,-36,Pass,21,"""+2x2+"", singleback",,N/A,,M. Jones (L1),Catch,27.0,,Hard,LM,IS,,,Under,4,0,64,27.0,13,45,2.0,1.0,2.0,0.0,Wide,Wide,0.0,,0.0,,0.0,,,WR,1,Left,0.0,1.0,27.0,0.0,,1.0,1.0,,1.0,0.0,,,,0.0,Road
1,IND,2,13:03,7,1,10.0,37,Pass,11,"""+2x2"", shotgun offset R",,N/A,,M. Jones (L1),Inc.,0.0,,,LS,D,,,Over,4,0,37,0.0,13,03,1.0,1.0,3.0,0.0,Wide,"""",1.0,Right,0.0,,0.0,,,WR,1,Left,0.0,0.0,,0.0,,0.0,,,0.0,0.0,,,,0.0,Road
1,IND,2,12:55,7,2,10.0,37,Pass,11,"""+3x1"", shotgun offset R",,N/A,,A. Roberts (L1),Catch,8.0,,,LM,S,,,Over,4,0,37,8.0,12,55,1.0,1.0,3.0,0.0,Wide,"""",1.0,Right,0.0,,0.0,,,WR,1,Left,0.0,0.0,,0.0,,0.0,1.0,,1.0,0.0,,,,0.0,Road
1,IND,2,12:14,7,3,2.0,29,Pass,11,"""-2x2-"", shotgun offset R",WR in,N/A,,Boldin (R1),Catch,3.0,,,RS,S,,,Over,4,0,29,3.0,12,14,1.0,1.0,3.0,0.0,Narrow,Narrow,1.0,Right,0.0,,1.0,WR,in,WR,1,Right,0.0,0.0,,0.0,,0.0,1.0,,1.0,0.0,,,,0.0,Road
1,IND,2,11:48,7,1,10.0,26,Pass,11,"""+3x1+"", shotgun offset R",,N/A,,Throwaway,Inc.,0.0,,,,,,,Over,4,0,26,0.0,11,48,1.0,1.0,3.0,0.0,Wide,Wide,1.0,Right,0.0,,0.0,,,,,,0.0,0.0,,0.0,,0.0,,,0.0,0.0,,,,0.0,Road
1,IND,2,11:41,7,2,10.0,26,Pass,11,"""+3x1"", shotgun offset R",,N/A,,M. Jones (R1),Inc.,0.0,,Hard,RS,D,,,Over,4,0,26,0.0,11,41,1.0,1.0,3.0,0.0,Wide,"""",1.0,Right,0.0,,0.0,,,WR,1,Right,0.0,0.0,,0.0,,0.0,,,0.0,0.0,,,,0.0,Road
1,IND,2,11:36,7,3,10.0,26,Pass,11,"""+2x2+"", shotgun offset L",,N/A,,"Ebron (R LOS TE, 2)",Catch,13.0,,,RS,IS,,,Other Even,4,0,26,13.0,11,36,1.0,1.0,3.0,0.0,Wide,Wide,1.0,Left,0.0,,0.0,,,TE,2,Right,0.0,0.0,,0.0,,0.0,1.0,,1.0,0.0,,,,0.0,Road
1,IND,2,10:25,7,2,8.0,11,Pass,11,"""+3x1-"", shotgun offset R",,N/A,,"Riddick (R RB, 2)",Catch,10.0,,,RM,S,,,Other Odd,5,0,11,10.0,10,25,1.0,1.0,3.0,0.0,Wide,Narrow,1.0,Right,0.0,,0.0,,,RB,2,Right,0.0,0.0,,0.0,,0.0,1.0,,1.0,0.0,,,,0.0,Road
1,IND,2,3:20,11,1,10.0,49,Pass,12,"""+2x2+"", singleback",TE orbit,N/A,,Ebron (R2),Catch,5.0,,"Hard, roll",RS,S,,,Under,4,0,49,5.0,3,20,1.0,2.0,2.0,0.0,Wide,Wide,0.0,,0.0,,1.0,TE,orbit,WR,2,Right,0.0,0.0,,0.0,,0.0,1.0,,1.0,0.0,,,,0.0,Road
1,IND,2,2:43,11,2,5.0,44,Pass,11,"""2x2"", shotgun offset L",,N/A,,M. Jones (R1),Catch,32.0,,,RS,D,,,Under,4,0,44,32.0,2,43,1.0,1.0,3.0,0.0,2,",",1.0,Left,0.0,,0.0,,,WR,1,Right,0.0,1.0,32.0,0.0,,1.0,1.0,,1.0,0.0,,,,0.0,Road
1,IND,2,1:46,11,2,4.0,6,Pass,11,"""2x2+"", shotgun offset L",,N/A,,M. Jones (R1),Inc.,0.0,,,RM,S,,,Over,6,0,6,0.0,1,46,1.0,1.0,3.0,0.0,2,"""",1.0,Left,0.0,,0.0,,,WR,1,Right,0.0,0.0,,0.0,,0.0,,,0.0,0.0,,,,0.0,Road
1,IND,2,1:43,11,3,4.0,6,Pass,11,"""1x3+"", shotgun offset L",,N/A,,Ebron (R3),Catch,6.0,,,LM,S,,,Over,5,0,6,6.0,1,43,1.0,1.0,3.0,0.0,1,"""",1.0,Left,0.0,,0.0,,,WR,3,Right,0.0,0.0,,0.0,,0.0,1.0,,1.0,0.0,,,,0.0,Road
1,IND,3,15:00,11,1,10.0,-25,Pass,11,"""1x3+"", shotgun offset L",,N/A,,"Abdullah (L RB, 2)",Catch,1.0,,,Swing L,S,,,Other Odd,4,0,75,1.0,15,00,1.0,1.0,3.0,0.0,1,"""",1.0,Left,0.0,,0.0,,,RB,2,Left,0.0,0.0,,0.0,,0.0,,,0.0,0.0,,,,0.0,Road
1,IND,3,14:01,11,2,13.0,-22,Pass,11,"""+2x3+"", shotgun",,N/A,,M. Jones (L1),Catch,4.0,,,WR Screen L,S,,,2 Eagle Even,4,0,78,4.0,14,01,1.0,1.0,3.0,0.0,Wide,Wide,1.0,,0.0,,0.0,,,WR,1,Left,0.0,0.0,,0.0,,0.0,,,0.0,0.0,,,,0.0,Road
1,IND,3,13:22,11,3,9.0,-26,Pass,11,"""1x3-"", bunch R-, shotgun offset L",,N/A,,Tate (BO),Catch,3.0,,,WR Screen R,S,,,Double A Gap,4,0,74,3.0,13,22,1.0,1.0,3.0,0.0,1,"""",1.0,Left,0.0,,0.0,,,TE,,,0.0,0.0,,0.0,,0.0,,,0.0,0.0,,,,0.0,Road
1,IND,3,7:11,3,3,9.0,-20,Pass,11,"""2x2+"", shotgun offset R",,N/A,,N/A,"Sack, Walden",-8.0,,,,,,,Other Odd,5,0,80,-8.0,7,11,1.0,1.0,3.0,0.0,2,"""",1.0,Right,0.0,,0.0,,,,,,0.0,0.0,,0.0,,0.0,,,0.0,1.0,-8.0,,,0.0,Road
1,IND,3,5:19,3,2,3.0,-36,Pass,11,"""2x2-"", stack R-, shotgun offset L",,N/A,,"Abdullah (L RB, 3)",Catch,18.0,"Def. face mask, Walden, +15",,Swing L,S,,,Under,4,0,64,33.0,5,19,1.0,1.0,3.0,0.0,2,"""",1.0,Left,0.0,,0.0,,,RB,3,Left,0.0,1.0,18.0,0.0,,1.0,1.0,,1.0,0.0,,Defense,Def. face mask,15.0,Road
1,IND,3,4:02,3,2,11.0,32,Pass,11,"""-1x3+"", closed L, shotgun offset L",,N/A,,Tate (R3),Catch,2.0,,,WR Screen R,S,,,2 Eagle Even,5,0,32,2.0,4,02,1.0,1.0,3.0,0.0,Narrow,Wide,1.0,Left,0.0,,0.0,,,TE,3,Right,0.0,0.0,,0.0,,0.0,,,0.0,0.0,,,,0.0,Road
1,IND,3,3:29,3,3,9.0,30,Pass,11,"""+2x2"", shotgun offset L",,N/A,,"Abdullah (L RB, 3)",Catch,13.0,,,RM,S,,,Over,4,0,30,13.0,3,29,1.0,1.0,3.0,0.0,Wide,"""",1.0,Left,0.0,,0.0,,,RB,3,Left,0.0,0.0,,0.0,,0.0,1.0,,1.0,0.0,,,,0.0,Road
1,IND,3,2:54,3,1,10.0,17,Pass,11,"""+3x1-"", closed R, shotgun offset R",,N/A,,Tate (L3),Catch,6.0,,,WR Screen L,S,,,Over,4,0,17,6.0,2,54,1.0,1.0,3.0,0.0,Wide,Narrow,1.0,Right,0.0,,0.0,,,TE,3,Left,0.0,0.0,,0.0,,0.0,1.0,,1.0,0.0,,,,0.0,Road
1,IND,3,2:26,3,2,4.0,11,Pass,11,"""+2x3+"", shotgun",,N/A,,Abdullah (L1),"Catch, TD",11.0,,,LS,S,,,Other Odd,4,0,11,11.0,2,26,1.0,1.0,3.0,0.0,Wide,Wide,1.0,,0.0,,0.0,,,WR,1,Left,1.0,0.0,,0.0,,0.0,1.0,,1.0,0.0,,,,0.0,Road
1,IND,4,13:33,7,2,9.0,-26,Pass,11,"""+3x1-"", closed R, shotgun offset R",,N/A,,"Wick (R LOS TE, 1)",Catch,5.0,,,RS,S,,,Over,4,0,74,5.0,13,33,1.0,1.0,3.0,0.0,Wide,Narrow,1.0,Right,0.0,,0.0,,,TE,1,Right,0.0,0.0,,0.0,,0.0,,,0.0,0.0,,,,0.0,Road
1,IND,4,12:54,7,3,4.0,-31,Pass,11,"""-3x1"", shotgun offset R",,N/A,,M. Jones (R1),Inc.,0.0,,,M,S,,,Over,4,0,69,0.0,12,54,1.0,1.0,3.0,0.0,Narrow,"""",1.0,Right,0.0,,0.0,,,WR,1,Right,0.0,0.0,,0.0,,0.0,,,0.0,0.0,,,,0.0,Road
1,IND,4,7:46,0,2,8.0,-27,Pass,11,"""+2x2+"", shotgun offset L",,N/A,,Tate (R1),Catch,10.0,,,RS,S,,,Other Odd,4,0,73,10.0,7,46,1.0,1.0,3.0,0.0,Wide,Wide,1.0,Left,0.0,,0.0,,,TE,1,Right,0.0,0.0,,0.0,,0.0,1.0,,1.0,0.0,,,,0.0,Road
1,IND,4,7:20,0,1,10.0,-37,Pass,11,"""+2x2"", shotgun offset L",,N/A,,"Abdullah (L RB, 3)",Catch,14.0,,,Swing L,S,,,Under,4,0,63,14.0,7,20,1.0,1.0,3.0,0.0,Wide,"""",1.0,Left,0.0,,0.0,,,RB,3,Left,0.0,0.0,,0.0,,0.0,1.0,,1.0,0.0,,,,0.0,Road
1,IND,4,5:05,0,2,3.0,30,Pass,21,"""+2x1"", shotgun 2 RB",,N/A,,M. Jones (L1),Inc.,,"Off. Holding, Swanson, -10",,LM,D,,,Other Odd,5,0,30,,5,05,2.0,1.0,2.0,0.0,Wide,"""",1.0,,0.0,,0.0,,,WR,1,Left,0.0,0.0,,0.0,,0.0,,,0.0,0.0,,Defense,Off. Holding,10.0,Road
1,IND,4,5:00,0,2,13.0,40,Pass,11,"""-2x2"", shotgun offset L",,N/A,,Boldin (L1),Catch,14.0,,Hard,WR Screen L,S,,,Double A Gap,4,0,40,14.0,5,00,1.0,1.0,3.0,0.0,Narrow,"""",1.0,Left,0.0,,0.0,,,WR,1,Left,0.0,0.0,,0.0,,0.0,1.0,,1.0,0.0,,,,0.0,Road
1,IND,4,4:17,0,1,10.0,26,Pass,11,"""2x3+"", shotgun",,N/A,,"Ebron (R LOS TE, 3)",Catch,13.0,,,RS,S,,,Over,4,0,26,13.0,4,17,1.0,1.0,3.0,0.0,2,"""",1.0,,0.0,,0.0,,,TE,3,Right,0.0,0.0,,0.0,,0.0,1.0,,1.0,0.0,,,,0.0,Road
1,IND,4,4:11,0,1,10.0,13,Pass,11,"""+2x2+"", shotgun offset L",,N/A,,"Riddick (L RB, 3)","Catch, TD",13.0,,,RB Screen R,S,,,Under,4,0,13,13.0,4,11,1.0,1.0,3.0,0.0,Wide,Wide,1.0,Left,0.0,,0.0,,,RB,3,Left,1.0,0.0,,0.0,,0.0,1.0,,1.0,0.0,,,,0.0,Road
1,IND,4,0:37,-1,1,10.0,-25,Pass,11,"""+2x2+"", shotgun offset L",,N/A,,"Riddick (L RB, 3)",Catch,19.0,,,M,S,,,Over,4,0,75,19.0,0,37,1.0,1.0,3.0,0.0,Wide,Wide,1.0,Left,0.0,,0.0,,,RB,3,Left,0.0,1.0,19.0,0.0,,1.0,1.0,,1.0,0.0,,,,0.0,Road
1,IND,4,0:28,-1,1,10.0,-44,Pass,11,"""2x2+"", shotgun offset R",,N/A,,Ebron (L2),Catch,9.0,,,LS,S,,,Double A Gap,5,0,56,9.0,0,28,1.0,1.0,3.0,0.0,2,"""",1.0,Right,0.0,,0.0,,,WR,2,Left,0.0,0.0,,0.0,,0.0,1.0,,1.0,0.0,,,,0.0,Road
1,IND,4,0:21,-1,2,1.0,47,Pass,11,"""1x3+"", shotgun offset L",,N/A,,M. Jones (L1),Catch,22.0,,,LS,IS,,,Over,4,0,47,22.0,0,21,1.0,1.0,3.0,0.0,1,"""",1.0,Left,0.0,,0.0,,,WR,1,Left,0.0,1.0,22.0,0.0,,1.0,1.0,,1.0,0.0,,,,0.0,Road
1,IND,4,0:12,-1,1,10.0,25,Pass,11,"""-3x1-"", shotgun offset R",,N/A,,Throwaway,Inc.,0.0,,,,,,,Other Odd,5,0,25,0.0,0,12,1.0,1.0,3.0,0.0,Narrow,Narrow,1.0,Right,0.0,,0.0,,,,,,0.0,0.0,,0.0,,0.0,,,0.0,0.0,,,,0.0,Road
2,TEN,1,7:37,0,2,9.0,-42,Pass,11,"""+2x2*"", shotgun offset L",,N/A,,Boldin (L2),Inc.,0.0,,,M,S,,,Double A Gap,4,0,58,0.0,7,37,1.0,1.0,3.0,0.0,Wide,Normal,1.0,Left,0.0,,0.0,,,WR,2,Left,0.0,0.0,,0.0,,0.0,,,0.0,0.0,,,,0.0,Home
2,TEN,1,7:34,0,3,9.0,-42,Pass,11,"""+3x1-"", shotgun offset R","RB bk, TE in",N/A,,Tate (L3),Inc.,0.0,,,RM,ID,,,2 Eagle Even,4,0,58,0.0,7,34,1.0,1.0,3.0,0.0,Wide,Narrow,1.0,Right,0.0,,1.0,RB,in,TE,3,Left,0.0,0.0,,0.0,,0.0,,,0.0,0.0,,,,0.0,Home
2,TEN,1,6:43,2,1,10.0,-31,Pass,11,"""+2x2+"", shotgun offset R",,N/A,,M. Jones (L1),Catch,30.0,,,LS,D,,,Other Odd,5,0,69,30.0,6,43,1.0,1.0,3.0,0.0,Wide,Wide,1.0,Right,0.0,,0.0,,,WR,1,Left,0.0,1.0,30.0,0.0,,1.0,1.0,,1.0,0.0,,,,0.0,Home
2,TEN,1,6:26,2,1,10.0,39,Pass,11,"""+2x2+"", singleback",,N/A,,Boldin (R2),Catch,12.0,,,WR Screen R,S,,,Under,4,0,39,12.0,6,26,1.0,1.0,3.0,0.0,Wide,Wide,0.0,,0.0,,0.0,,,WR,2,Right,0.0,0.0,,0.0,,0.0,1.0,,1.0,0.0,,,,0.0,Home
2,TEN,1,5:47,2,2,7.0,24,Pass,11,"""-3x1*"", shotgun offset R",,N/A,,"Ebron (L LOS TE, 3)",Catch,6.0,,,LS,S,,,Over,4,0,24,6.0,5,47,1.0,1.0,3.0,0.0,Narrow,Normal,1.0,Right,0.0,,0.0,,,TE,3,Left,0.0,0.0,,0.0,,0.0,1.0,,1.0,0.0,,,,0.0,Home
2,TEN,1,4:28,2,1,20.0,24,Pass,11,"""+2x2*"", shotgun offset L",,N/A,,Ebron (R2),Inc.,0.0,,,RM,ID,,,Other Odd,5,0,24,0.0,4,28,1.0,1.0,3.0,0.0,Wide,Normal,1.0,Left,0.0,,0.0,,,WR,2,Right,0.0,0.0,,0.0,,0.0,,,0.0,0.0,,,,0.0,Home
2,TEN,1,4:23,2,2,20.0,24,Pass,11,"""+3x2*"", shotgun",,N/A,,Boldin (L2),"Catch, TD",24.0,,,LM,D,,,Other Even,3,0,24,24.0,4,23,1.0,1.0,3.0,0.0,Wide,Normal,1.0,,0.0,,0.0,,,WR,2,Left,1.0,1.0,24.0,0.0,,1.0,1.0,,1.0,0.0,,,,0.0,Home
2,TEN,2,11:19,6,2,3.0,-34,Pass,12,"""-2x2+"", closed L, dual TE LOS, shotgun offset R",,N/A,,M. Jones (R1),Inc.,0.0,,Soft,RM,S,,,Under,4,0,66,0.0,11,19,1.0,2.0,2.0,0.0,Narrow,Wide,1.0,Right,0.0,,0.0,,,WR,1,Right,0.0,0.0,,0.0,,0.0,,,0.0,0.0,,,,0.0,Home
2,TEN,2,11:15,6,3,3.0,-34,Pass,11,"""-2x2+"", shotgun offset R",WR in,N/A,,Boldin (R2),Catch,6.0,,,RS,S,,,Under,3,0,66,6.0,11,15,1.0,1.0,3.0,0.0,Narrow,Wide,1.0,Right,0.0,,1.0,WR,in,WR,2,Right,0.0,0.0,,0.0,,0.0,1.0,,1.0,0.0,,,,0.0,Home
2,TEN,2,10:26,6,1,20.0,-30,Pass,11,"""+3x2+"", shotgun",,N/A,,Tate (L1),Inc.,0.0,,,LS,D,,,2 Eagle Even,4,0,70,0.0,10,26,1.0,1.0,3.0,0.0,Wide,Wide,1.0,,0.0,,0.0,,,TE,1,Left,0.0,0.0,,0.0,,0.0,,,0.0,0.0,,,,0.0,Home
2,TEN,2,10:20,6,2,20.0,-30,Pass,11,"""+3x1*"", shotgun offset R",,N/A,,"Riddick (R RB, 2)",Catch,12.0,,,RB Screen R,S,,,2 Eagle Even,4,0,70,12.0,10,20,1.0,1.0,3.0,0.0,Wide,Normal,1.0,Right,0.0,,0.0,,,RB,2,Right,0.0,0.0,,0.0,,0.0,1.0,,1.0,0.0,,,,0.0,Home
2,TEN,2,8:38,6,2,11.0,47,Pass,11,"""-2x2+"", shotgun offset R",,N/A,,M. Jones (R1),Catch,9.0,,,RM,S,,,2 Eagle Even,4,0,47,9.0,8,38,1.0,1.0,3.0,0.0,Narrow,Wide,1.0,Right,0.0,,0.0,,,WR,1,Right,0.0,0.0,,0.0,,0.0,1.0,,1.0,0.0,,,,0.0,Home
2,TEN,2,4:19,6,2,9.0,-2,Pass,12,"""-2x2+"", closed L, dual TE LOS, shotgun offset R",,N/A,,M. Jones (R1),Catch,4.0,,Soft,RM,S,,,Over,4,0,98,4.0,4,19,1.0,2.0,2.0,0.0,Narrow,Wide,1.0,Right,0.0,,0.0,,,WR,1,Right,0.0,0.0,,0.0,,0.0,,,0.0,0.0,,,,0.0,Home
2,TEN,2,3:38,6,3,5.0,-6,Pass,11,"""+2x2+"", shotgun offset L",,N/A,,M. Jones (R1),Catch,9.0,,,RS,S,,,2 Eagle Even,4,0,94,9.0,3,38,1.0,1.0,3.0,0.0,Wide,Wide,1.0,Left,0.0,,0.0,,,WR,1,Right,0.0,0.0,,0.0,,0.0,1.0,,1.0,0.0,,,,0.0,Home
2,TEN,2,2:16,6,1,10.0,-44,Pass,11,"""*2x2*"", shotgun offset L",WR in,N/A,,Boldin (L1),Inc.,0.0,,Soft,WR Screen L,S,,,Over,4,0,56,0.0,2,16,1.0,1.0,3.0,0.0,Normal,Normal,1.0,Left,0.0,,1.0,WR,in,WR,1,Left,0.0,0.0,,0.0,,0.0,,,0.0,0.0,,,,0.0,Home
2,TEN,2,2:00,6,3,9.0,-45,Pass,11,"""+3x1*"", shotgun offset R",RB bk,N/A,,M. Jones (R1),Catch,47.0,,,RS,S,,,Other Odd,6,0,55,47.0,2,00,1.0,1.0,3.0,0.0,Wide,Normal,1.0,Right,0.0,,1.0,RB,bk,WR,1,Right,0.0,1.0,47.0,0.0,,1.0,1.0,,1.0,0.0,,,,0.0,Home
2,TEN,2,1:30,6,1,21.0,21,Pass,11,"""+3x1-"", closed R, shotgun offset L",,N/A,,Tate (L3),Catch,,"Off. Holding, Boldin, -10",Hard,WR Screen L,S,,,2 Eagle Even,4,0,21,,1,30,1.0,1.0,3.0,0.0,Wide,Narrow,1.0,Left,0.0,,0.0,,,TE,3,Left,0.0,0.0,,0.0,,0.0,,,0.0,0.0,,Defense,Off. Holding,10.0,Home
2,TEN,2,1:23,6,1,26.0,26,Pass,11,"""+2x2+"", shotgun offset L",,N/A,,M. Jones (R1),Inc.,0.0,,,RS,D,,,2 Eagle Even,4,0,26,0.0,1,23,1.0,1.0,3.0,0.0,Wide,Wide,1.0,Left,0.0,,0.0,,,WR,1,Right,0.0,0.0,,0.0,,0.0,,,0.0,0.0,,,,0.0,Home
2,TEN,2,1:19,6,2,26.0,26,Pass,11,"""+3x1*"", shotgun offset L",,N/A,,Throwaway,Inc.,0.0,,,,,,,Under,5,0,26,0.0,1,19,1.0,1.0,3.0,0.0,Wide,Normal,1.0,Left,0.0,,0.0,,,,,,0.0,0.0,,0.0,,0.0,,,0.0,0.0,,,,0.0,Home
2,TEN,2,0:15,9,1,10.0,-34,Pass,11,"""+3x1+"", shotgun offset R",,N/A,,N/A,"Sack, Dodd",-6.0,,,,,,,Other Odd,4,0,66,-6.0,0,15,1.0,1.0,3.0,0.0,Wide,Wide,1.0,Right,0.0,,0.0,,,,,,0.0,0.0,,0.0,,0.0,,,0.0,1.0,-6.0,,,0.0,Home
2,TEN,3,14:37,9,2,4.0,-31,Pass,11,"""+2x2+"", shotgun offset R",,N/A,,M. Jones (L1),Catch,8.0,,,LM,S,,,Over,4,0,69,8.0,14,37,1.0,1.0,3.0,0.0,Wide,Wide,1.0,Right,0.0,,0.0,,,WR,1,Left,0.0,0.0,,0.0,,0.0,1.0,,1.0,0.0,,,,0.0,Home
2,TEN,3,13:51,9,1,15.0,-34,Pass,11,"""+3x1+"", shotgun offset R",,N/A,,N/A,"Sack, Orakpo",-1.0,,,,,,,Over,4,0,66,-1.0,13,51,1.0,1.0,3.0,0.0,Wide,Wide,1.0,Right,0.0,,0.0,,,,,,0.0,0.0,,0.0,,0.0,,,0.0,1.0,-1.0,,,0.0,Home
2,TEN,3,13:19,9,2,16.0,-33,Pass,11,"""*2x2+"", shotgun offset L",,N/A,,Boldin (R2),Catch,6.0,,Soft,M,S,,,Other Odd,3,0,67,6.0,13,19,1.0,1.0,3.0,0.0,Normal,Wide,1.0,Left,0.0,,0.0,,,WR,2,Right,0.0,0.0,,0.0,,0.0,,,0.0,0.0,,,,0.0,Home
2,TEN,3,12:35,9,3,10.0,-39,Pass,11,"""*1x3+"", pistol",TE in,N/A,,Tate (R1),Inc.,0.0,,Hard,WR Screen R,S,,,2 Eagle Even,4,0,61,0.0,12,35,1.0,1.0,3.0,0.0,Normal,Wide,0.0,,0.0,,1.0,TE,in,TE,1,Right,0.0,0.0,,0.0,,0.0,,,0.0,0.0,,,,0.0,Home
2,TEN,3,7:44,9,1,10.0,-46,Pass,12,"""*2x2+"", singleback",,N/A,,"Ebron (L LOS TE, 2)",Catch,11.0,"Off. Unnecessary roughness, Tate, -15","Hard, roll",RS,S,,,Under,4,0,54,26.0,7,44,1.0,2.0,2.0,0.0,Normal,Wide,0.0,,0.0,,0.0,,,TE,2,Left,0.0,0.0,,0.0,,0.0,1.0,,1.0,0.0,,Defense,Off. Unnecessary roughness,15.0,Home
2,TEN,3,6:44,9,2,6.0,-46,Pass,11,"""+2x2*"", shotgun offset R",,N/A,,M. Jones (L1),Inc.,0.0,,,LS,ID,,,2 Eagle Odd,5,0,54,0.0,6,44,1.0,1.0,3.0,0.0,Wide,Normal,1.0,Right,0.0,,0.0,,,WR,1,Left,0.0,0.0,,0.0,,0.0,,,0.0,0.0,,,,0.0,Home
2,TEN,3,6:38,9,3,6.0,-46,Pass,11,"""+2x2+"", shotgun offset L",,N/A,,Ebron (R1),Catch,7.0,,,RM,S,,,Other Odd,4,0,54,7.0,6,38,1.0,1.0,3.0,0.0,Wide,Wide,1.0,Left,0.0,,0.0,,,WR,1,Right,0.0,0.0,,0.0,,0.0,1.0,,1.0,0.0,,,,0.0,Home
2,TEN,3,5:07,9,1,10.0,41,Pass,11,"""+2x2*"", pistol",TE orbit,N/A,,Tate (R1),Inc.,0.0,,Hard,RS,D,,,Over,4,0,41,0.0,5,07,1.0,1.0,3.0,0.0,Wide,Normal,0.0,,0.0,,1.0,TE,orbit,TE,1,Right,0.0,0.0,,0.0,,0.0,,,0.0,0.0,,,,0.0,Home
2,TEN,3,2:27,9,1,10.0,10,Pass,11,"""+2x2-"", singlback",,N/A,,M. Jones (L1),Catch,1.0,,,WR Screen L,S,,,Over,4,1,10,1.0,2,27,1.0,1.0,3.0,0.0,Wide,Narrow,0.0,,0.0,,0.0,,,WR,1,Left,0.0,0.0,,0.0,,0.0,,,0.0,0.0,,,,0.0,Home
2,TEN,3,1:54,9,2,9.0,9,Pass,11,"""-1x3+"", pistol",,N/A,,Riddick (RB 0),Inc.,0.0,,,Swing L,S,,,Under,4,1,9,0.0,1,54,1.0,1.0,3.0,0.0,Narrow,Wide,0.0,,0.0,,0.0,,,RB,0,Right,0.0,0.0,,0.0,,0.0,,,0.0,0.0,,,,0.0,Home
2,TEN,3,1:49,9,3,9.0,9,Pass,11,"""+2x3+"", shotgun",WR out,N/A,,Ebron (L2),Inc.,0.0,,,LS,IS,,,Over,4,1,9,0.0,1,49,1.0,1.0,3.0,0.0,Wide,Wide,1.0,,0.0,,1.0,WR,out,WR,2,Left,0.0,0.0,,0.0,,0.0,,,0.0,0.0,,,,0.0,Home
2,TEN,4,14:54,5,1,10.0,-25,Pass,21,"""+1x2*"", shotgun 2 RB",,N/A,,"Riddick (L RB, 2)",Catch,8.0,,,LM,S,,,Over,4,0,75,8.0,14,54,2.0,1.0,2.0,0.0,Wide,Normal,1.0,,0.0,,0.0,,,RB,2,Left,0.0,0.0,,0.0,,0.0,1.0,,1.0,0.0,,,,0.0,Home
2,TEN,4,14:11,5,2,2.0,-33,Pass,12,"""+3x1+"", dual TE LOS, singleback",,N/A,,M. Jones (R1),Catch,10.0,,"Hard, roll",RS,IS,,,Other Odd,3,0,67,10.0,14,11,1.0,2.0,2.0,0.0,Wide,Wide,0.0,,0.0,,0.0,,,WR,1,Right,0.0,0.0,,0.0,,0.0,1.0,,1.0,0.0,,,,0.0,Home
2,TEN,4,12:43,5,1,10.0,44,Pass,11,"""*2x2+"", pistol",,N/A,,N/A,"Sack, Klug",-6.0,,Hard,,,,,Over,4,0,44,-6.0,12,43,1.0,1.0,3.0,0.0,Normal,Wide,0.0,,0.0,,0.0,,,,,,0.0,0.0,,0.0,,0.0,,,0.0,1.0,-6.0,,,0.0,Home
2,TEN,4,11:59,5,2,16.0,50,Pass,11,"""*2x3+"", shotgun",,N/A,,Tate (L1),Inc.,0.0,,,LS,D,,,Under,4,0,50,0.0,11,59,1.0,1.0,3.0,0.0,Normal,Wide,1.0,,0.0,,0.0,,,TE,1,Left,0.0,0.0,,0.0,,0.0,,,0.0,0.0,,,,0.0,Home
2,TEN,4,11:52,5,3,16.0,50,Pass,11,"""*1x3+"", shotgun offset L",,N/A,,"Riddick (L RB, 2)",Catch,8.0,,,RB Screen L,S,,,Over,4,0,50,8.0,11,52,1.0,1.0,3.0,0.0,Normal,Wide,1.0,Left,0.0,,0.0,,,RB,2,Left,0.0,0.0,,0.0,,0.0,,,0.0,0.0,,,,0.0,Home
2,TEN,4,8:40,5,1,10.0,-36,Pass,11,"""*2x2+"", shotgun offset R",,N/A,,Tate (L1),Catch,8.0,,,LS,S,,,Over,4,0,64,8.0,8,40,1.0,1.0,3.0,0.0,Normal,Wide,1.0,Right,0.0,,0.0,,,TE,1,Left,0.0,0.0,,0.0,,0.0,1.0,,1.0,0.0,,,,0.0,Home
2,TEN,4,7:22,5,3,4.0,-42,Pass,11,"""*1x3+"", shotgun offset L",,N/A,,Tate (R1),Inc.,0.0,,,RS,D,,,2 Eagle Even,4,0,58,0.0,7,22,1.0,1.0,3.0,0.0,Normal,Wide,1.0,Left,0.0,,0.0,,,TE,1,Right,0.0,0.0,,0.0,,0.0,,,0.0,0.0,,,,0.0,Home
2,TEN,4,1:13,-1,1,10.0,-25,Pass,11,"""+2x2+"", shotgun offset R",,N/A,,Boldin (L2),Inc.,0.0,,,LS,S,,,Under,4,0,75,0.0,1,13,1.0,1.0,3.0,0.0,Wide,Wide,1.0,Right,0.0,,0.0,,,WR,2,Left,0.0,0.0,,0.0,,0.0,,,0.0,0.0,,,,0.0,Home
2,TEN,4,1:09,-1,2,10.0,-25,Pass,11,"""+1x3+"", shotgun offset L",,N/A,,N/A,"Sack, Orakpo",-9.0,,,,,,,2 Eagle Even,4,0,75,-9.0,1,09,1.0,1.0,3.0,0.0,Wide,Wide,1.0,Left,0.0,,0.0,,,,,,0.0,0.0,,0.0,,0.0,,,0.0,1.0,-9.0,,,0.0,Home
2,TEN,4,1:04,-1,3,19.0,-16,Pass,11,"""-2x2+"", shotgun offset L",,N/A,,Ebron (R2),Catch,29.0,,,M,ID,,,Over,4,0,84,29.0,1,04,1.0,1.0,3.0,0.0,Narrow,Wide,1.0,Left,0.0,,0.0,,,WR,2,Right,0.0,1.0,29.0,0.0,,1.0,1.0,,1.0,0.0,,,,0.0,Home
2,TEN,4,0:38,-1,1,10.0,-45,Pass,11,"""*1x3+"", shotgun offset L",,N/A,,Tate (R1),Inc.,0.0,,,RS,S,,,Under,4,0,55,0.0,0,38,1.0,1.0,3.0,0.0,Normal,Wide,1.0,Left,0.0,,0.0,,,TE,1,Right,0.0,0.0,,0.0,,0.0,,,0.0,0.0,,,,0.0,Home
2,TEN,4,0:34,-1,2,10.0,-45,Pass,11,"""*1x3+"", shotgun offset L",,N/A,,"Riddick (L RB, 2)",Catch,0.0,,,LS,S,,,2 Eagle Even,4,0,55,0.0,0,34,1.0,1.0,3.0,0.0,Normal,Wide,1.0,Left,0.0,,0.0,,,RB,2,Left,0.0,0.0,,0.0,,0.0,,,0.0,0.0,,,,0.0,Home
2,TEN,4,0:28,-1,3,10.0,-45,Pass,11,"""*1x3+"", shotgun offset L",RB bk,N/A,,Ebron (R3),Inc.,0.0,,,RS,S,,,Other Odd,4,0,55,0.0,0,28,1.0,1.0,3.0,0.0,Normal,Wide,1.0,Left,0.0,,1.0,RB,bk,WR,3,Right,0.0,0.0,,0.0,,0.0,,,0.0,0.0,,,,0.0,Home
3,GB,1,11:22,-7,1,10.0,-25,Pass,11,"""+2x2+"", pistol",,N/A,,Throwaway,Inc.,0.0,,,,,,,Over,4,0,75,0.0,11,22,1.0,1.0,3.0,0.0,Wide,Wide,0.0,,0.0,,0.0,,,,,,0.0,0.0,,0.0,,0.0,,,0.0,0.0,,,,0.0,Road
3,GB,1,9:11,-7,3,2.0,-47,Pass,11,"""*1x3-"", shotgun offset L",,N/A,,Tate (L1),Catch,3.0,,,LM,S,,,Over,4,0,53,3.0,9,11,1.0,1.0,3.0,0.0,Normal,Narrow,1.0,Left,0.0,,0.0,,,TE,1,Left,0.0,0.0,,0.0,,0.0,1.0,,1.0,0.0,,,,0.0,Road
3,GB,1,8:32,-7,1,10.0,50,Pass,11,"""+1x3+"", shotgun offset L",,N/A,,Ebron (L1),Catch,9.0,,,LM,S,,,Over,4,0,50,9.0,8,32,1.0,1.0,3.0,0.0,Wide,Wide,1.0,Left,0.0,,0.0,,,WR,1,Left,0.0,0.0,,0.0,,0.0,1.0,,1.0,0.0,,,,0.0,Road
3,GB,1,7:09,-7,3,2.0,42,Pass,21,"""-2x2+"", shotgun offset L",WR in,N/A,,Riddick (R2),Catch,12.0,,,M,S,,,Under,4,0,42,12.0,7,09,2.0,1.0,2.0,0.0,Narrow,Wide,1.0,Left,0.0,,1.0,WR,in,WR,2,Right,0.0,0.0,,0.0,,0.0,1.0,,1.0,0.0,,,,0.0,Road
3,GB,1,6:26,-7,1,10.0,30,Pass,13,"""+2x3+"", shotgun",,N/A,,Ebron (R2),Catch,5.0,,,RS,S,,,Under,4,0,30,5.0,6,26,1.0,3.0,1.0,0.0,Wide,Wide,1.0,,0.0,,0.0,,,WR,2,Right,0.0,0.0,,0.0,,0.0,1.0,,1.0,0.0,,,,0.0,Road
3,GB,1,4:58,-7,3,11.0,31,Pass,11,"""*2x2+"", shotgun offset R",,N/A,,Ebron (L2),Catch,14.0,,,LM,IS,,,Other Odd,4,0,31,14.0,4,58,1.0,1.0,3.0,0.0,Normal,Wide,1.0,Right,0.0,,0.0,,,WR,2,Left,0.0,0.0,,0.0,,0.0,1.0,,1.0,0.0,,,,0.0,Road
3,GB,1,3:38,-7,2,13.0,20,Pass,11,"""-1x3*"", shotgun offset L",WR in,N/A,,"Riddick (L RB, 2)",Catch,-3.0,,,RB Screen L,S,,,Over,4,0,20,-3.0,3,38,1.0,1.0,3.0,0.0,Narrow,Normal,1.0,Left,0.0,,1.0,WR,in,RB,2,Left,0.0,0.0,,0.0,,0.0,,,0.0,1.0,-3.0,,,0.0,Road
3,GB,1,2:57,-7,3,16.0,23,Pass,10,"""*1x3+"", shotgun offset L",,N/A,,Boldin (R3),Inc.,0.0,,,RS,IS,,,2 Eagle Even,4,0,23,0.0,2,57,1.0,,,0.0,Normal,Wide,1.0,Left,0.0,,0.0,,,WR,3,Right,0.0,0.0,,0.0,,0.0,,,0.0,0.0,,,,0.0,Road
3,GB,1,0:53,-11,1,10.0,-21,Pass,12,"""*2x2+"", shotgun offset L",,N/A,,Ebron (R2),Inc.,0.0,,Soft,M,S,,,Over,4,0,79,0.0,0,53,1.0,2.0,2.0,0.0,Normal,Wide,1.0,Left,0.0,,0.0,,,WR,2,Right,0.0,0.0,,0.0,,0.0,,,0.0,0.0,,,,0.0,Road
3,GB,1,0:49,-11,2,10.0,-21,Pass,12,"""*2x3+"", shotgun",RB orbit,N/A,,Riddick (R2),"LOS PD, Perry",0.0,,,RM,S,,,Over,4,0,79,0.0,0,49,1.0,2.0,2.0,0.0,Normal,Wide,1.0,,0.0,,1.0,RB,orbit,WR,2,Right,0.0,0.0,,0.0,,0.0,,,0.0,0.0,,,,0.0,Road
3,GB,1,0:45,-11,3,10.0,-21,Pass,11,"""*1x3+"", shotgun offset L",,N/A,,Tate (L1),Inc.,0.0,,,LS,S,,,Double A Gap,7,0,79,0.0,0,45,1.0,1.0,3.0,0.0,Normal,Wide,1.0,Left,0.0,,0.0,,,TE,1,Left,0.0,0.0,,0.0,,0.0,,,0.0,0.0,,,,0.0,Road
3,GB,2,13:19,-18,1,10.0,-23,Pass,11,"""+2x2*"", shotgun offset L",,N/A,,M. Jones (R1),Catch,38.0,,,RS,D,,,Over,4,0,77,38.0,13,19,1.0,1.0,3.0,0.0,Wide,Normal,1.0,Left,0.0,,0.0,,,WR,1,Right,0.0,1.0,38.0,0.0,,1.0,1.0,,1.0,0.0,,,,0.0,Road
3,GB,2,11:52,-18,2,9.0,38,Pass,11,"""+2x2+"", pistol",,N/A,,Ebron (R2),"INT, Randall",,,,RM,S,,,Over,4,0,38,,11,52,1.0,1.0,3.0,0.0,Wide,Wide,0.0,,0.0,,0.0,,,WR,2,Right,0.0,0.0,,0.0,,0.0,,,0.0,0.0,,,,0.0,Road
3,GB,2,10:15,-21,2,1.0,-34,Pass,11,"""+2x2*"", pistol",,N/A,,Tate (L2),Catch,12.0,,,LS,S,,,Over,4,0,66,12.0,10,15,1.0,1.0,3.0,0.0,Wide,Normal,0.0,,0.0,,0.0,,,TE,2,Left,0.0,0.0,,0.0,,0.0,1.0,,1.0,0.0,,,,0.0,Road
3,GB,2,8:52,-21,2,9.0,-47,Pass,11,"""*2x2-"", couple R-, shotgun offset L",WR in,N/A,,Tate (R- CI),Inc.,0.0,,,RS,IS,,,Over,4,0,53,0.0,8,52,1.0,1.0,3.0,0.0,Normal,Narrow,1.0,Left,0.0,,1.0,WR,in,TE,,Right,0.0,0.0,,0.0,,0.0,,,0.0,0.0,,,,0.0,Road
3,GB,2,8:45,-21,3,9.0,-47,Pass,11,"""*1x3+"", shotgun offset R",RB bk,N/A,,Tate (R1),Catch,10.0,,,WR Screen R,S,,,Over,4,0,53,10.0,8,45,1.0,1.0,3.0,0.0,Normal,Wide,1.0,Right,0.0,,1.0,RB,bk,TE,1,Right,0.0,0.0,,0.0,,0.0,1.0,,1.0,0.0,,,,0.0,Road
3,GB,2,6:32,-21,3,11.0,44,Pass,11,"""*1x3+"", shotgun offset L",,N/A,,Ebron (R3),Catch,20.0,,,RM,ID,,,Double A Gap,4,0,44,20.0,6,32,1.0,1.0,3.0,0.0,Normal,Wide,1.0,Left,0.0,,0.0,,,WR,3,Right,0.0,1.0,20.0,0.0,,1.0,1.0,,1.0,0.0,,,,0.0,Road
3,GB,2,5:18,-21,2,11.0,25,Pass,11,"""+3x1*"", shotgun offset R",,N/A,,M. Jones (L1),Inc.,0.0,,,LS,D,,,Over,4,0,25,0.0,5,18,1.0,1.0,3.0,0.0,Wide,Normal,1.0,Right,0.0,,0.0,,,WR,1,Left,0.0,0.0,,0.0,,0.0,,,0.0,0.0,,,,0.0,Road
3,GB,2,5:11,-21,3,11.0,25,Pass,11,"""+2x2+"", shotgun offset L",,N/A,,Boldin (L2),Inc.,0.0,,,LM,IS,,,2 Eagle Even,4,0,25,0.0,5,11,1.0,1.0,3.0,0.0,Wide,Wide,1.0,Left,0.0,,0.0,,,WR,2,Left,0.0,0.0,,0.0,,0.0,,,0.0,0.0,,,,0.0,Road
3,GB,2,1:10,-28,1,10.0,-25,Pass,11,"""+3x1+"", shotgun offset R",,N/A,,"Riddick (R RB, 2)",Catch,2.0,,,Swing R,S,,,Over,4,0,75,2.0,1,10,1.0,1.0,3.0,0.0,Wide,Wide,1.0,Right,0.0,,0.0,,,RB,2,Right,0.0,0.0,,0.0,,0.0,,,0.0,0.0,,,,0.0,Road
3,GB,2,0:42,-28,2,8.0,-27,Pass,11,"""+2x2+"", shotgun offset L",,N/A,,M. Jones (R1),"Catch, TD",73.0,,,RS,ID,,,2 Eagle Even,4,0,73,73.0,0,42,1.0,1.0,3.0,0.0,Wide,Wide,1.0,Left,0.0,,0.0,,,WR,1,Right,1.0,1.0,73.0,0.0,,1.0,1.0,,1.0,0.0,,,,0.0,Road
3,GB,3,14:54,-21,1,10.0,-23,Pass,11,"""+2x2+"", shotgun offset L",,N/A,,M. Jones (R1),Catch,23.0,,,RS,ID,,,Over,4,0,77,23.0,14,54,1.0,1.0,3.0,0.0,Wide,Wide,1.0,Left,0.0,,0.0,,,WR,1,Right,0.0,1.0,23.0,0.0,,1.0,1.0,,1.0,0.0,,,,0.0,Road
3,GB,3,12:36,-21,1,10.0,41,Pass,11,"""+2x2*"", pistol",,N/A,,Boldin (L2),Catch,7.0,,,M,S,,,Over,4,0,41,7.0,12,36,1.0,1.0,3.0,0.0,Wide,Normal,0.0,,0.0,,0.0,,,WR,2,Left,0.0,0.0,,0.0,,0.0,1.0,,1.0,0.0,,,,0.0,Road
3,GB,3,11:18,-21,1,10.0,27,Pass,11,"""+2x2*"", shotgun offset R",,N/A,,"Riddick (R RB, 3)",Catch,6.0,,,M,S,,,Over,4,0,27,6.0,11,18,1.0,1.0,3.0,0.0,Wide,Normal,1.0,Right,0.0,,0.0,,,RB,3,Right,0.0,0.0,,0.0,,0.0,1.0,,1.0,0.0,,,,0.0,Road
3,GB,3,10:40,-21,2,4.0,21,Pass,11,"""+2x2-"", pistol",,N/A,,Tate (L2),Catch,15.0,,,LS,S,,,Over,4,0,21,15.0,10,40,1.0,1.0,3.0,0.0,Wide,Narrow,0.0,,0.0,,0.0,,,TE,2,Left,0.0,0.0,,0.0,,0.0,1.0,,1.0,0.0,,,,0.0,Road
3,GB,3,9:54,-21,1,6.0,6,Pass,20,"""+1x2+"", shotgun 2 RB",,N/A,,"Riddick (L RB, 2)",Catch,5.0,,,LS,S,,,Over,4,1,6,5.0,9,54,2.0,,,0.0,Wide,Wide,1.0,,0.0,,0.0,,,RB,2,Left,0.0,0.0,,0.0,,0.0,1.0,,1.0,0.0,,,,0.0,Road
3,GB,3,9:13,-21,2,1.0,1,Pass,11,"""*1x3-"", singleback",,N/A,,M. Jones (L1),Inc.,0.0,,,LS,S,,,Over,5,1,1,0.0,9,13,1.0,1.0,3.0,0.0,Normal,Narrow,0.0,,0.0,,0.0,,,WR,1,Left,0.0,0.0,,0.0,,0.0,,,0.0,0.0,,,,0.0,Road
3,GB,3,8:26,-21,4,2.0,2,Pass,11,"""-2x2+"", shotgun offset R",WR in,N/A,,Boldin (R2),"Catch, TD",2.0,,,RS,S,,,Over,4,1,2,2.0,8,26,1.0,1.0,3.0,0.0,Narrow,Wide,1.0,Right,0.0,,1.0,WR,in,WR,2,Right,1.0,0.0,,0.0,,0.0,1.0,,1.0,0.0,,,,0.0,Road
3,GB,3,3:08,-17,1,10.0,-18,Pass,11,"""+2x2+"", shotgun offset L",,N/A,,"Ebron (R LOS TE, 2)",Catch,21.0,,,M,IS,,,Over,4,0,82,21.0,3,08,1.0,1.0,3.0,0.0,Wide,Wide,1.0,Left,0.0,,0.0,,,TE,2,Right,0.0,1.0,21.0,0.0,,1.0,1.0,,1.0,0.0,,,,0.0,Road
3,GB,3,1:51,-17,2,9.0,-40,Pass,11,"""+2x2*"", shotgun offset R",,N/A,,"Wick (R LOS TE, 2)",Catch,13.0,,,M,S,,,Over,4,0,60,13.0,1,51,1.0,1.0,3.0,0.0,Wide,Normal,1.0,Right,0.0,,0.0,,,TE,2,Right,0.0,0.0,,0.0,,0.0,1.0,,1.0,0.0,,,,0.0,Road
3,GB,3,0:36,-17,2,5.0,42,Pass,11,"""+2x2+"", pistol",,N/A,,Washington (RB 0),Catch,-3.0,,,Swing R,S,,,Under,4,0,42,-3.0,0,36,1.0,1.0,3.0,0.0,Wide,Wide,0.0,,0.0,,0.0,,,RB,0,Right,0.0,0.0,,0.0,,0.0,,,0.0,1.0,-3.0,,,0.0,Road
3,GB,4,15:00,-17,3,8.0,45,Pass,10,"""+3x1*"", shotgun offset R",,N/A,,M. Jones (R1),Catch,17.0,,,RS,ID,,,2 Eagle Even,4,0,45,17.0,15,00,1.0,,,0.0,Wide,Normal,1.0,Right,0.0,,0.0,,,WR,1,Right,0.0,1.0,17.0,0.0,,1.0,1.0,,1.0,0.0,,,,0.0,Road
3,GB,4,14:28,-17,1,10.0,28,Pass,21,"""+3x1*"", shotgun offset R",,N/A,,Riddick (L1),Inc.,0.0,,,LS,ID,,,Under,6,0,28,0.0,14,28,2.0,1.0,2.0,0.0,Wide,Normal,1.0,Right,0.0,,0.0,,,WR,1,Left,0.0,0.0,,0.0,,0.0,,,0.0,0.0,,,,0.0,Road
3,GB,4,13:59,-17,2,20.0,38,Pass,11,"""+2x2+"", shotgun offset L",,N/A,,M. Jones (R1),Catch,19.0,,,RS,ID,,,Under,4,0,38,19.0,13,59,1.0,1.0,3.0,0.0,Wide,Wide,1.0,Left,0.0,,0.0,,,WR,1,Right,0.0,1.0,19.0,0.0,,1.0,1.0,,1.0,0.0,,,,0.0,Road
3,GB,4,13:18,-17,3,6.0,24,Pass,11,"""+2x2+"", shotgun offset R",,N/A,,N/A,"Sack, Perry",-8.0,,,,,,,2 Eagle Even,4,0,24,-8.0,13,18,1.0,1.0,3.0,0.0,Wide,Wide,1.0,Right,0.0,,0.0,,,,,,0.0,0.0,,0.0,,0.0,,,0.0,1.0,-8.0,,,0.0,Road
3,GB,4,9:25,-14,1,10.0,-13,Pass,11,"""+2x2*"", shotgun offset R",,N/A,,Boldin (L2),Catch,7.0,,Soft,RM,S,,,Over,4,0,87,7.0,9,25,1.0,1.0,3.0,0.0,Wide,Normal,1.0,Right,0.0,,0.0,,,WR,2,Left,0.0,0.0,,0.0,,0.0,1.0,,1.0,0.0,,,,0.0,Road
3,GB,4,8:24,-14,1,10.0,-25,Pass,11,"""+2x2+"", shotgun offset L",,N/A,,N/A,"Sack, Fackrell",-9.0,,Soft,,,,,Over,4,0,75,-9.0,8,24,1.0,1.0,3.0,0.0,Wide,Wide,1.0,Left,0.0,,0.0,,,,,,0.0,0.0,,0.0,,0.0,,,0.0,1.0,-9.0,,,0.0,Road
3,GB,4,7:42,-14,2,19.0,-16,Pass,11,"""+2x2+"", shotgun offset R",,N/A,,Ebron (L2),Inc.,0.0,,,LM,D,,,Under,4,0,84,0.0,7,42,1.0,1.0,3.0,0.0,Wide,Wide,1.0,Right,0.0,,0.0,,,WR,2,Left,0.0,0.0,,0.0,,0.0,,,0.0,0.0,,,,0.0,Road
3,GB,4,7:38,-14,3,19.0,-16,Pass,11,"""+1x3+"", shotgun offset L",,N/A,,N/A,"Sack, Perry",0.0,,,,,,,2 Eagle Even,4,0,84,0.0,7,38,1.0,1.0,3.0,0.0,Wide,Wide,1.0,Left,0.0,,0.0,,,,,,0.0,0.0,,0.0,,0.0,,,0.0,1.0,0.0,,,0.0,Road
3,GB,4,5:05,-14,1,10.0,-38,Pass,11,"""+3x1+"", shotgun offset R",,N/A,,"Riddick (R RB, 2)",Catch,9.0,,,RB Screen R,S,,,Over,4,0,62,9.0,5,05,1.0,1.0,3.0,0.0,Wide,Wide,1.0,Right,0.0,,0.0,,,RB,2,Right,0.0,0.0,,0.0,,0.0,1.0,,1.0,0.0,,,,0.0,Road
3,GB,4,4:39,-14,2,1.0,-47,Pass,11,"""+2x2*"", shotgun offset L",,N/A,,Boldin (L2),Catch,6.0,,,M,S,,,Over,4,0,53,6.0,4,39,1.0,1.0,3.0,0.0,Wide,Normal,1.0,Left,0.0,,0.0,,,WR,2,Left,0.0,0.0,,0.0,,0.0,1.0,,1.0,0.0,,,,0.0,Road
3,GB,4,4:10,-14,2,6.0,43,Pass,11,"""+3x1*"", shotgun offset R",,N/A,,Roberts (R1),Inc.,0.0,,,RS,IS,,,Over,4,0,43,0.0,4,10,1.0,1.0,3.0,0.0,Wide,Normal,1.0,Right,0.0,,0.0,,,WR,1,Right,0.0,0.0,,0.0,,0.0,,,0.0,0.0,,,,0.0,Road
3,GB,4,4:05,-14,3,6.0,43,Pass,11,"""+3x1*"", shotgun offset R",,N/A,,"Riddick (R RB, 2)",Catch,8.0,,,RM,S,,,Other Odd,4,0,43,8.0,4,05,1.0,1.0,3.0,0.0,Wide,Normal,1.0,Right,0.0,,0.0,,,RB,2,Right,0.0,0.0,,0.0,,0.0,1.0,,1.0,0.0,,,,0.0,Road
3,GB,4,3:40,-14,1,10.0,35,Pass,11,"""+2x2+"", shotgun offset L",,N/A,,M. Jones (R1),"Catch, TD",35.0,,,RM,D,,,Over,4,0,35,35.0,3,40,1.0,1.0,3.0,0.0,Wide,Wide,1.0,Left,0.0,,0.0,,,WR,1,Right,1.0,1.0,35.0,0.0,,1.0,1.0,,1.0,0.0,,,,0.0,Road
4,CHI,1,12:27,0,2,4.0,-26,Pass,11,"""-2x2-"", couple R-, shotgun offset R",,N/A,,Boldin (L1),Catch,1.0,,,WR Screen L,S,,,Under,4,0,74,1.0,12,27,1.0,1.0,3.0,0.0,Narrow,Narrow,1.0,Right,0.0,,0.0,,,WR,1,Left,0.0,0.0,,0.0,,0.0,,,0.0,0.0,,,,0.0,Road
4,CHI,1,11:54,0,3,3.0,-27,Pass,11,"""+1x3+"", shotgun offset L",,N/A,,Ebron (L1),Inc.,0.0,,,LS,S,,,Over,4,0,73,0.0,11,54,1.0,1.0,3.0,0.0,Wide,Wide,1.0,Left,0.0,,0.0,,,WR,1,Left,0.0,0.0,,0.0,,0.0,,,0.0,0.0,,,,0.0,Road
4,CHI,1,6:31,-7,1,15.0,-11,Pass,11,"""+3x2+"", shotgun",,N/A,,Riddick (R2),Inc.,,"Illegal forward pass, Stafford, -5",,RS,IS,,,Other Odd,3,0,89,,6,31,1.0,1.0,3.0,0.0,Wide,Wide,1.0,,0.0,,0.0,,,WR,2,Right,0.0,0.0,,0.0,,0.0,,,0.0,0.0,,Defense,Illegal forward pass,5.0,Road
4,CHI,1,6:22,-7,2,18.0,-8,Pass,11,"""+3x1*"", shotgun offset R",,N/A,,"Riddick (R RB, 2)",Inc.,0.0,,,RS,S,,,Under,3,0,92,0.0,6,22,1.0,1.0,3.0,0.0,Wide,Normal,1.0,Right,0.0,,0.0,,,RB,2,Right,0.0,0.0,,0.0,,0.0,,,0.0,0.0,,,,0.0,Road
4,CHI,1,6:14,-7,3,18.0,-8,Pass,11,"""+3x1*"", shotgun offset L",,N/A,,M. Jones (R1),Inc.,0.0,,,M,S,,,Under,4,0,92,0.0,6,14,1.0,1.0,3.0,0.0,Wide,Normal,1.0,Left,0.0,,0.0,,,WR,1,Right,0.0,0.0,,0.0,,0.0,,,0.0,0.0,,,,0.0,Road
4,CHI,1,3:01,-7,2,5.0,-25,Pass,11,"""-2x2-"", shotgun offset L",,N/A,,Boldin (L1),Catch,5.0,,Soft,WR Screen L,S,,,Over,3,0,75,5.0,3,01,1.0,1.0,3.0,0.0,Narrow,Narrow,1.0,Left,0.0,,0.0,,,WR,1,Left,0.0,0.0,,0.0,,0.0,1.0,,1.0,0.0,,,,0.0,Road
4,CHI,1,1:54,-7,2,9.0,-31,Pass,11,"""*1x3+"", shotgun offset L",,N/A,,N/A,"Sack, Hicks",-7.0,,,,,,,Over,4,0,69,-7.0,1,54,1.0,1.0,3.0,0.0,Normal,Wide,1.0,Left,0.0,,0.0,,,,,,0.0,0.0,,0.0,,0.0,,,0.0,1.0,-7.0,,,0.0,Road
4,CHI,1,1:15,-7,3,16.0,-24,Pass,11,"""*2x2+"", shotgun offset R",,N/A,,"Washington (R RB, 3)",Catch,8.0,,,RB Screen R,S,,,Over,4,0,76,8.0,1,15,1.0,1.0,3.0,0.0,Normal,Wide,1.0,Right,0.0,,0.0,,,RB,3,Right,0.0,0.0,,0.0,,0.0,,,0.0,0.0,,,,0.0,Road
4,CHI,2,11:50,-7,1,10.0,-34,Pass,12,"""-3x1+"", closed L, dual TE LOS, singleback",WR in,N/A,,"Wick (L LOS TE, 1)",Inc.,0.0,,"Hard, roll",RS,D,,,Other Odd,4,0,66,0.0,11,50,1.0,2.0,2.0,0.0,Narrow,Wide,0.0,,0.0,,1.0,WR,in,TE,1,Left,0.0,0.0,,0.0,,0.0,,,0.0,0.0,,,,0.0,Road
4,CHI,2,11:42,-7,2,10.0,-34,Pass,12,"""*1x3+"", shotgun offset L",,N/A,,"Riddick (L RB, 2)",Catch,4.0,,,LM,S,,,Under,4,0,66,4.0,11,42,1.0,2.0,2.0,0.0,Normal,Wide,1.0,Left,0.0,,0.0,,,RB,2,Left,0.0,0.0,,0.0,,0.0,,,0.0,0.0,,,,0.0,Road
4,CHI,2,11:14,-7,3,6.0,-38,Pass,11,"""+2x2+"", shotgun offset R",,N/A,,"Riddick (R RB, 3)",Inc.,0.0,,,RS,S,,,Other Odd,4,0,62,0.0,11,14,1.0,1.0,3.0,0.0,Wide,Wide,1.0,Right,0.0,,0.0,,,RB,3,Right,0.0,0.0,,0.0,,0.0,,,0.0,0.0,,,,0.0,Road
4,CHI,2,6:14,-7,1,20.0,-28,Pass,11,"""+2x3+"", shotgun",,N/A,,M. Jones (L1),Catch,17.0,,,LM,S,,,Over,3,0,72,17.0,6,14,1.0,1.0,3.0,0.0,Wide,Wide,1.0,,0.0,,0.0,,,WR,1,Left,0.0,1.0,17.0,0.0,,1.0,1.0,,1.0,0.0,,,,0.0,Road
4,CHI,2,5:44,-7,2,3.0,-45,Pass,11,"""+2x2+"", pistol",TE in,N/A,,Tate (R1),Catch,1.0,,,WR Screen R,S,,,Over,4,0,55,1.0,5,44,1.0,1.0,3.0,0.0,Wide,Wide,0.0,,0.0,,1.0,TE,in,TE,1,Right,0.0,0.0,,0.0,,0.0,,,0.0,0.0,,,,0.0,Road
4,CHI,2,4:38,-7,2,10.0,49,Pass,12,"""-3x1*"", shotgun offset R",,N/A,,"Lee (L LOS TE, 3)",Inc.,0.0,,,LS,S,,,Other Odd,4,0,49,0.0,4,38,1.0,2.0,2.0,0.0,Narrow,Normal,1.0,Right,0.0,,0.0,,,TE,3,Left,0.0,0.0,,0.0,,0.0,,,0.0,0.0,,,,0.0,Road
4,CHI,2,4:33,-7,3,10.0,49,Pass,11,"""+2x2+"", shotgun offset L",,N/A,,Boldin (L2),Catch,10.0,,,RM,IS,,,2 Eagle Even,4,0,49,10.0,4,33,1.0,1.0,3.0,0.0,Wide,Wide,1.0,Left,0.0,,0.0,,,WR,2,Left,0.0,0.0,,0.0,,0.0,1.0,,1.0,0.0,,,,0.0,Road
4,CHI,2,3:53,-7,1,15.0,44,Pass,11,"""+2x2*"", shotgun offset L",,N/A,,M. Jones (L1),Catch,6.0,,Soft,LM,S,,,Under,4,0,44,6.0,3,53,1.0,1.0,3.0,0.0,Wide,Normal,1.0,Left,0.0,,0.0,,,WR,1,Left,0.0,0.0,,0.0,,0.0,,,0.0,0.0,,,,0.0,Road
4,CHI,2,2:28,-7,3,2.0,31,Pass,11,"""+2x2*"", shotgun offset L",,N/A,,Tate (R1),Inc.,0.0,,,RS,S,,,Under,4,0,31,0.0,2,28,1.0,1.0,3.0,0.0,Wide,Normal,1.0,Left,0.0,,0.0,,,TE,1,Right,0.0,0.0,,0.0,,0.0,,,0.0,0.0,,,,0.0,Road
4,CHI,2,0:39,-4,1,10.0,-40,Pass,11,"""+2x2*"", shotgun offset R",,N/A,,M. Jones (L1),Catch,17.0,,,LM,D,,,2 Eagle Even,4,0,60,17.0,0,39,1.0,1.0,3.0,0.0,Wide,Normal,1.0,Right,0.0,,0.0,,,WR,1,Left,0.0,1.0,17.0,0.0,,1.0,1.0,,1.0,0.0,,,,0.0,Road
4,CHI,2,0:33,-4,1,10.0,43,Pass,11,"""*1x3+"", shotgun offset L",,N/A,,Ebron (R3),Catch,12.0,,,RS,IS,,,2 Eagle Even,4,0,43,12.0,0,33,1.0,1.0,3.0,0.0,Normal,Wide,1.0,Left,0.0,,0.0,,,WR,3,Right,0.0,0.0,,0.0,,0.0,1.0,,1.0,0.0,,,,0.0,Road
4,CHI,2,0:27,-4,1,10.0,31,Pass,11,"""+2x2*"", shotgun offset L",,N/A,,Tate (R1),Inc.,0.0,,,RS,D,,,2 Eagle Even,4,0,31,0.0,0,27,1.0,1.0,3.0,0.0,Wide,Normal,1.0,Left,0.0,,0.0,,,TE,1,Right,0.0,0.0,,0.0,,0.0,,,0.0,0.0,,,,0.0,Road
4,CHI,2,0:21,-4,2,10.0,31,Pass,11,"""+2x2+"", shotgun offset L",,N/A,,"Riddick (L RB, 3)",Catch,9.0,,,M,S,,,Under,4,0,31,9.0,0,21,1.0,1.0,3.0,0.0,Wide,Wide,1.0,Left,0.0,,0.0,,,RB,3,Left,0.0,0.0,,0.0,,0.0,1.0,,1.0,0.0,,,,0.0,Road
4,CHI,2,0:16,-4,3,1.0,22,Pass,11,"""*2x2+"", shotgun offset L",,N/A,,Tate (L1),Inc.,0.0,,,LS,S,,,Other Odd,3,0,22,0.0,0,16,1.0,1.0,3.0,0.0,Normal,Wide,1.0,Left,0.0,,0.0,,,TE,1,Left,0.0,0.0,,0.0,,0.0,,,0.0,0.0,,,,0.0,Road
4,CHI,3,13:03,-4,1,10.0,-44,Pass,11,"""+3x1+"", pistol",TE in,N/A,,M. Jones (R1),Catch,15.0,,,WR Screen R,S,,,Over,4,0,56,15.0,13,03,1.0,1.0,3.0,0.0,Wide,Wide,0.0,,0.0,,1.0,TE,in,WR,1,Right,0.0,0.0,,0.0,,0.0,1.0,,1.0,0.0,,,,0.0,Road
4,CHI,3,11:59,-4,1,10.0,30,Pass,11,"""+2x2+"", shotgun offset L",,N/A,,"Ebron (R LOS TE, 2)",Catch,9.0,,Hard,LM,S,,,Under,4,0,30,9.0,11,59,1.0,1.0,3.0,0.0,Wide,Wide,1.0,Left,0.0,,0.0,,,TE,2,Right,0.0,0.0,,0.0,,0.0,1.0,,1.0,0.0,,,,0.0,Road
4,CHI,3,10:48,-4,1,10.0,19,Pass,11,"""-1x3+"", closed L, shotgun offset R",,N/A,,"Riddick (R RB, 4)",Catch,4.0,,,RB Screen L,S,,,Over,4,0,19,4.0,10,48,1.0,1.0,3.0,0.0,Narrow,Wide,1.0,Right,0.0,,0.0,,,RB,4,Right,0.0,0.0,,0.0,,0.0,,,0.0,0.0,,,,0.0,Road
4,CHI,3,10:08,-4,2,6.0,15,Pass,11,"""-2x2-"", stack R-, shotgun offset R",,N/A,,Boldin (L1),Catch,10.0,,,RM,S,,,Over,4,0,15,10.0,10,08,1.0,1.0,3.0,0.0,Narrow,Narrow,1.0,Right,0.0,,0.0,,,WR,1,Left,0.0,0.0,,0.0,,0.0,1.0,,1.0,0.0,,,,0.0,Road
4,CHI,3,3:28,8,1,10.0,-10,Pass,6 OL,"""+1x2+"", I-form offset L",,N/A,,Zenner (RB 0),Catch,22.0,,Hard,LS,S,,,Other Odd,4,0,90,22.0,3,28,,,,1.0,Wide,Wide,0.0,,1.0,Left,0.0,,,RB,0,Right,0.0,1.0,22.0,0.0,,1.0,1.0,,1.0,0.0,,,,0.0,Road
4,CHI,3,2:06,8,1,10.0,-42,Pass,11,"""*2x2+"", shotgun offset R",,N/A,,Boldin (R2),Inc.,0.0,,,LM,S,,,Other Odd,4,0,58,0.0,2,06,1.0,1.0,3.0,0.0,Normal,Wide,1.0,Right,0.0,,0.0,,,WR,2,Right,0.0,0.0,,0.0,,0.0,,,0.0,0.0,,,,0.0,Road
4,CHI,3,1:13,8,3,6.0,-46,Pass,11,"""+2x3+"", shotgun",,N/A,,Riddick (L2),Inc.,0.0,,,LM,S,,,Over,5,0,54,0.0,1,13,1.0,1.0,3.0,0.0,Wide,Wide,1.0,,0.0,,0.0,,,WR,2,Left,0.0,0.0,,0.0,,0.0,,,0.0,0.0,,,,0.0,Road
4,CHI,4,10:09,-11,1,10.0,-25,Pass,11,"""+3x1*"", shotgun offset R",TE in,N/A,,Roberts (R1),Catch,8.0,,,RS,S,,,Over,4,0,75,8.0,10,09,1.0,1.0,3.0,0.0,Wide,Normal,1.0,Right,0.0,,1.0,TE,in,WR,1,Right,0.0,0.0,,0.0,,0.0,1.0,,1.0,0.0,,,,0.0,Road
4,CHI,4,9:25,-11,1,10.0,-41,Pass,11,"""+2x2*"", shotgun offset R",,N/A,,M. Jones (L1),Inc.,0.0,,,LM,ID,,,2 Eagle Even,4,0,59,0.0,9,25,1.0,1.0,3.0,0.0,Wide,Normal,1.0,Right,0.0,,0.0,,,WR,1,Left,0.0,0.0,,0.0,,0.0,,,0.0,0.0,,,,0.0,Road
4,CHI,4,8:41,-11,3,15.0,-36,Pass,11,"""+3x1-"", shotgun offset R",,N/A,,M. Jones (L1),Catch,19.0,,,M,ID,,,Other Odd,3,0,64,19.0,8,41,1.0,1.0,3.0,0.0,Wide,Narrow,1.0,Right,0.0,,0.0,,,WR,1,Left,0.0,1.0,19.0,0.0,,1.0,1.0,,1.0,0.0,,,,0.0,Road
4,CHI,4,8:11,-11,1,10.0,45,Pass,11,"""+2x2+"", shotgun offset L",,N/A,,N/A,"Sack, C. Washington",-9.0,,,,,,,Under,4,0,45,-9.0,8,11,1.0,1.0,3.0,0.0,Wide,Wide,1.0,Left,0.0,,0.0,,,,,,0.0,0.0,,0.0,,0.0,,,0.0,1.0,-9.0,,,0.0,Road
4,CHI,4,7:35,-11,2,19.0,-46,Pass,11,"""+2x2+"", shotgun offset L",,N/A,,Ebron (R2),Catch,13.0,,,RS,IS,,,2 Eagle Even,4,0,54,13.0,7,35,1.0,1.0,3.0,0.0,Wide,Wide,1.0,Left,0.0,,0.0,,,WR,2,Right,0.0,0.0,,0.0,,0.0,1.0,,1.0,0.0,,,,0.0,Road
4,CHI,4,6:31,-11,1,10.0,36,Pass,11,"""+3x1+"", shotgun offset R",TE in,N/A,,"Ebron (L LOS TE, 3)",Catch,8.0,,,LS,S,,,Over,4,0,36,8.0,6,31,1.0,1.0,3.0,0.0,Wide,Wide,1.0,Right,0.0,,1.0,TE,in,TE,3,Left,0.0,0.0,,0.0,,0.0,1.0,,1.0,0.0,,,,0.0,Road
4,CHI,4,5:43,-11,2,12.0,38,Pass,11,"""*2x3+"", shotgun",,N/A,,Riddick (L2),Catch,10.0,,,LS,S,,,Over,3,0,38,10.0,5,43,1.0,1.0,3.0,0.0,Normal,Wide,1.0,,0.0,,0.0,,,WR,2,Left,0.0,0.0,,0.0,,0.0,1.0,,1.0,0.0,,,,0.0,Road
4,CHI,4,5:07,-11,3,2.0,28,Pass,11,"""+1x3+"", shotgun offset L",TE in,N/A,,Boldin (R2),Catch,5.0,,,RM,S,,,Over,4,0,28,5.0,5,07,1.0,1.0,3.0,0.0,Wide,Wide,1.0,Left,0.0,,1.0,TE,in,WR,2,Right,0.0,0.0,,0.0,,0.0,1.0,,1.0,0.0,,,,0.0,Road
4,CHI,4,4:39,-11,1,10.0,23,Pass,11,"""-2x2+"", shotgun offset L",,N/A,,Boldin (L1),Catch,0.0,,Soft,WR Screen L,S,,,Over,4,0,23,0.0,4,39,1.0,1.0,3.0,0.0,Narrow,Wide,1.0,Left,0.0,,0.0,,,WR,1,Left,0.0,0.0,,0.0,,0.0,,,0.0,0.0,,,,0.0,Road
4,CHI,4,4:10,-11,2,10.0,23,Pass,11,"""*1x3+"", shotgun offset L",,N/A,,Boldin (R2),Inc.,0.0,,,RS,S,,,Over,4,0,23,0.0,4,10,1.0,1.0,3.0,0.0,Normal,Wide,1.0,Left,0.0,,0.0,,,WR,2,Right,0.0,0.0,,0.0,,0.0,,,0.0,0.0,,,,0.0,Road
5,PHI,1,14:24,0,2,4.0,-31,Pass,11,"""*1x3+"", shotgun offset L",,N/A,,M. Jones (L1),Catch,17.0,,,LM,S,,,Over,4,0,69,17.0,14,24,1.0,1.0,3.0,0.0,Normal,Wide,1.0,Left,0.0,,0.0,,,WR,1,Left,0.0,1.0,17.0,0.0,,1.0,1.0,,1.0,0.0,,,,0.0,Home
5,PHI,1,12:29,0,1,10.0,37,Pass,11,"""+2x2*"", shotgun offset R",,N/A,,Tate (L2),Inc.,0.0,,,LS,S,,,Over,4,0,37,0.0,12,29,1.0,1.0,3.0,0.0,Wide,Normal,1.0,Right,0.0,,0.0,,,TE,2,Left,0.0,0.0,,0.0,,0.0,,,0.0,0.0,,,,0.0,Home
5,PHI,1,11:07,0,2,11.0,21,Pass,11,"""+2x3+"", shotgun",,N/A,,Roberts (R3),Inc.,0.0,,,M,S,,,2 Eagle Even,4,0,21,0.0,11,07,1.0,1.0,3.0,0.0,Wide,Wide,1.0,,0.0,,0.0,,,WR,3,Right,0.0,0.0,,0.0,,0.0,,,0.0,0.0,,,,0.0,Home
5,PHI,1,11:03,0,3,11.0,21,Pass,11,"""+1x3+"", shotgun offset L",,N/A,,Boldin (R2),Catch,20.0,,,RM,IS,,,Over,5,0,21,20.0,11,03,1.0,1.0,3.0,0.0,Wide,Wide,1.0,Left,0.0,,0.0,,,WR,2,Right,0.0,1.0,20.0,0.0,,1.0,1.0,,1.0,0.0,,,,0.0,Home
5,PHI,1,9:42,0,2,1.0,1,Pass,21,"""+1x2+"", shotgun 2 RB",,N/A,,"Riddick (L RB, 2)","Catch, TD",1.0,,,LS,S,,,Over,4,1,1,1.0,9,42,2.0,1.0,2.0,0.0,Wide,Wide,1.0,,0.0,,0.0,,,RB,2,Left,1.0,0.0,,0.0,,0.0,1.0,,1.0,0.0,,,,0.0,Home
5,PHI,1,5:27,7,2,7.0,-23,Pass,11,"""+2x1*"", pistol 2 RB",TE bk,N/A,,M. Jones (L1),Catch,9.0,,,LM,S,,,2 Eagle Even,4,0,77,9.0,5,27,1.0,1.0,3.0,0.0,Wide,Normal,0.0,,0.0,,1.0,TE,bk,WR,1,Left,0.0,0.0,,0.0,,0.0,1.0,,1.0,0.0,,,,0.0,Home
5,PHI,1,3:18,7,3,4.0,-45,Pass,10,"""*1x3+"", shotgun offset L",,N/A,,Boldin (R2),Catch,7.0,,,RM,S,,,2 Eagle Even,4,0,55,7.0,3,18,1.0,,,0.0,Normal,Wide,1.0,Left,0.0,,0.0,,,WR,2,Right,0.0,0.0,,0.0,,0.0,1.0,,1.0,0.0,,,,0.0,Home
5,PHI,1,1:00,7,2,6.0,17,Pass,21,"""+2x1+"", pistol 2 RB",,N/A,,"Riddick (L RB, 3)","Catch, TD",17.0,,,RB Screen R,S,,,2 Eagle Even,4,0,17,17.0,1,00,2.0,1.0,2.0,0.0,Wide,Wide,0.0,,0.0,,0.0,,,RB,3,Left,1.0,1.0,17.0,0.0,,1.0,1.0,,1.0,0.0,,,,0.0,Home
5,PHI,2,9:42,7,1,10.0,-38,Pass,6 OL,"""*1x3+"", singleback",,N/A,,Tate (R1),Inc.,0.0,,Hard,RS,IS,,,Over,4,0,62,0.0,9,42,,,,1.0,Normal,Wide,0.0,,0.0,,0.0,,,TE,1,Right,0.0,0.0,,0.0,,0.0,,,0.0,0.0,,,,0.0,Home
5,PHI,2,8:55,7,3,11.0,-37,Pass,11,"""*1x3+"", shotgun offset L",,N/A,,"Riddick L RB, 2)",Catch,10.0,,,LS,S,,,2 Eagle Even,4,0,63,10.0,8,55,1.0,1.0,3.0,0.0,Normal,Wide,1.0,Left,0.0,,0.0,,,RB,2,,0.0,0.0,,0.0,,0.0,,,0.0,0.0,,,,0.0,Home
5,PHI,2,6:51,7,2,10.0,-49,Pass,11,"""*1x3+"", shotgun offset L",,N/A,,Boldin (R2),Catch,13.0,,,LM,S,,,Over,4,0,51,13.0,6,51,1.0,1.0,3.0,0.0,Normal,Wide,1.0,Left,0.0,,0.0,,,WR,2,Right,0.0,0.0,,0.0,,0.0,1.0,,1.0,0.0,,,,0.0,Home
5,PHI,2,6:06,7,1,10.0,38,Pass,6 OL,"""*2x2+"", singleback",,N/A,,Zenner (RB 0),Catch,19.0,,Hard,RB Screen R,S,,,Over,4,0,38,19.0,6,06,,,,1.0,Normal,Wide,0.0,,0.0,,0.0,,,RB,0,Right,0.0,1.0,19.0,0.0,,1.0,1.0,,1.0,0.0,,,,0.0,Home
5,PHI,2,4:32,7,2,4.0,13,Pass,10,"""+3x2+"", shotgun",,N/A,,Throwaway,Inc.,0.0,,,,,,,2 Eagle Even,4,0,13,0.0,4,32,1.0,,,0.0,Wide,Wide,1.0,,0.0,,0.0,,,,,,0.0,0.0,,0.0,,0.0,,,0.0,0.0,,,,0.0,Home
5,PHI,2,4:00,7,1,9.0,9,Pass,11,"""+3x1-"", shotgun offset R",WR in,N/A,,Tate (L3),Catch,8.0,,,RM,S,,,Under,4,1,9,8.0,4,00,1.0,1.0,3.0,0.0,Wide,Narrow,1.0,Right,0.0,,1.0,WR,in,TE,3,Left,0.0,0.0,,0.0,,0.0,1.0,,1.0,0.0,,,,0.0,Home
5,PHI,2,3:15,7,2,1.0,1,Pass,11,"""+2x2*"", shotgun offset L",,N/A,,M. Jones (L1),"Catch, TD",1.0,,,LM,IS,,,Over,4,1,1,1.0,3,15,1.0,1.0,3.0,0.0,Wide,Normal,1.0,Left,0.0,,0.0,,,WR,1,Left,1.0,0.0,,0.0,,0.0,1.0,,1.0,0.0,,,,0.0,Home
5,PHI,3,8:32,4,1,10.0,-26,Pass,6 OL,"""+1x3-"", singleback",,N/A,,N/A,"Sack, Logan",-26.0,"Off. Unsportsmanlike conduct, Boldin, -13",Hard,,,,,Over,5,0,74,-13.0,8,32,,,,1.0,Wide,Narrow,0.0,,0.0,,0.0,,,,,,0.0,0.0,,0.0,,0.0,,,0.0,1.0,-26.0,Defense,Off. Unsportsmanlike conduct,13.0,Home
5,PHI,3,7:57,4,2,24.0,-12,Pass,11,"""+2x2+"", shotgun offset R",,N/A,,N/A,"Sack, Fumble, Bradham",-5.0,,,,,,,2 Eagle Even,4,0,88,-5.0,7,57,1.0,1.0,3.0,0.0,Wide,Wide,1.0,Right,0.0,,0.0,,,,,,0.0,0.0,,0.0,,0.0,,,0.0,1.0,-5.0,,,0.0,Home
5,PHI,3,5:55,1,2,14.0,-12,Pass,11,"""+2x2+"", shotgun offset L",,N/A,,"Zenner (L RB, 3)",Catch,4.0,,,Swing L,S,,,Over,4,0,88,4.0,5,55,1.0,1.0,3.0,0.0,Wide,Wide,1.0,Left,0.0,,0.0,,,RB,3,Left,0.0,0.0,,0.0,,0.0,,,0.0,0.0,,,,0.0,Home
5,PHI,3,5:09,1,3,10.0,-16,Pass,10,"""*1x3-"", shotgun offset L",,N/A,,Boldin (R3),Catch,8.0,,,RM,S,,,2 Eagle Even,4,0,84,8.0,5,09,1.0,,,0.0,Normal,Narrow,1.0,Left,0.0,,0.0,,,WR,3,Right,0.0,0.0,,0.0,,0.0,,,0.0,0.0,,,,0.0,Home
5,PHI,3,0:49,1,2,11.0,-47,Pass,11,"""+3x1-"", closed R, shotgun offset R",,N/A,,Throwaway,Inc.,0.0,,,,,,,Over,4,0,53,0.0,0,49,1.0,1.0,3.0,0.0,Wide,Narrow,1.0,Right,0.0,,0.0,,,,,,0.0,0.0,,0.0,,0.0,,,0.0,0.0,,,,0.0,Home
5,PHI,3,0:41,1,3,11.0,-47,Pass,11,"""+3x1+"", shotgun offset R",,N/A,,M. Jones (R1),Catch,10.0,,,RM,IS,,,Other Odd,4,0,53,10.0,0,41,1.0,1.0,3.0,0.0,Wide,Wide,1.0,Right,0.0,,0.0,,,WR,1,Right,0.0,0.0,,0.0,,0.0,,,0.0,0.0,,,,0.0,Home
5,PHI,4,14:17,1,1,10.0,41,Pass,11,"""+2x2*"", shotgun offset R",,N/A,,"Riddick (R RB, 2)",Catch,2.0,,,RS,S,,,Over,4,0,41,2.0,14,17,1.0,1.0,3.0,0.0,Wide,Normal,1.0,Right,0.0,,0.0,,,RB,2,Right,0.0,0.0,,0.0,,0.0,,,0.0,0.0,,,,0.0,Home
5,PHI,4,12:50,1,3,7.0,38,Pass,10,"""+2x2+"", shotgun offset L",,N/A,,N/A,"Sack, Curry",-9.0,,,,,,,2 Eagle Even,4,0,38,-9.0,12,50,1.0,,,0.0,Wide,Wide,1.0,Left,0.0,,0.0,,,,,,0.0,0.0,,0.0,,0.0,,,0.0,1.0,-9.0,,,0.0,Home
5,PHI,4,6:40,-2,1,10.0,-25,Pass,11,"""*2x2+"", shotgun offset R",,N/A,,M. Jones (R1),Inc.,0.0,,Hard,RM,S,,,Under,4,0,75,0.0,6,40,1.0,1.0,3.0,0.0,Normal,Wide,1.0,Right,0.0,,0.0,,,WR,1,Right,0.0,0.0,,0.0,,0.0,,,0.0,0.0,,,,0.0,Home
5,PHI,4,6:35,-2,2,10.0,-25,Pass,11,"""-1x3+"", shotgun offset R",,N/A,,"Riddick (R RB, 4)",Catch,-6.0,,,RB Screen L,S,,,Under,4,0,75,-6.0,6,35,1.0,1.0,3.0,0.0,Narrow,Wide,1.0,Right,0.0,,0.0,,,RB,4,Right,0.0,0.0,,0.0,,0.0,,,0.0,1.0,-6.0,,,0.0,Home
5,PHI,4,5:52,-2,3,16.0,-19,Pass,10,"""-2x2+"", shotgun offset L",,N/A,,"Riddick (L RB, 3)",Catch,9.0,,,LS,S,,,2 Eagle Even,4,0,81,9.0,5,52,1.0,,,0.0,Narrow,Wide,1.0,Left,0.0,,0.0,,,RB,3,Left,0.0,0.0,,0.0,,0.0,,,0.0,0.0,,,,0.0,Home
5,PHI,4,2:34,-2,1,10.0,45,Pass,10,"""*1x3+"", shotgun offset L",,N/A,,Tate (R1),Catch,4.0,,,RM,S,,,Over,4,0,45,4.0,2,34,1.0,,,0.0,Normal,Wide,1.0,Left,0.0,,0.0,,,TE,1,Right,0.0,0.0,,0.0,,0.0,,,0.0,0.0,,,,0.0,Home
5,PHI,4,2:00,-2,3,4.0,39,Pass,10,"""*1x3-"", bunch R-, shotgun offset L",,N/A,,Tate (BO),Catch,27.0,"Def. unnecessary roughness, Jenkins, +6",,LM,S,,,Other Even,4,0,39,33.0,2,00,1.0,,,0.0,Normal,Narrow,1.0,Left,0.0,,0.0,,,TE,,,0.0,1.0,27.0,0.0,,1.0,1.0,,1.0,0.0,,Defense,Def. unnecessary roughness,6.0,Home
5,PHI,4,1:40,-2,3,5.0,5,Pass,10,"""*1x3+"", shotgun offset L",,N/A,,N/A,"Sack, Cox",-6.0,,,,,,,Over,4,1,5,-6.0,1,40,1.0,,,0.0,Normal,Wide,1.0,Left,0.0,,0.0,,,,,,0.0,0.0,,0.0,,0.0,,,0.0,1.0,-6.0,,,0.0,Home
6,LAR,1,14:22,0,1,10.0,-40,Pass,11,"""+2x2*"", shotgun offset L",,N/A,,M. Jones (L1),Inc.,0.0,,Soft,LM,S,,,Over,4,0,60,0.0,14,22,1.0,1.0,3.0,0.0,Wide,Normal,1.0,Left,0.0,,0.0,,,WR,1,Left,0.0,0.0,,0.0,,0.0,,,0.0,0.0,,,,0.0,Home
6,LAR,1,12:18,0,1,10.0,49,Pass,11,"""+3x2+"", shotgun",,N/A,,Boldin (L2),Catch,8.0,,,M,S,,,Over,4,0,49,8.0,12,18,1.0,1.0,3.0,0.0,Wide,Wide,1.0,,0.0,,0.0,,,WR,2,Left,0.0,0.0,,0.0,,0.0,1.0,,1.0,0.0,,,,0.0,Home
6,LAR,1,11:36,0,2,2.0,41,Pass,12,"-2x2-"", closed L, dual TE LOS, couple R-, shotgun offset R",,N/A,,Tate (R- CO),Catch,34.0,,Hard,WR Screen R,S,,,Over,5,0,41,34.0,11,36,1.0,2.0,2.0,0.0,,,1.0,Right,0.0,,0.0,,,TE,,Right,0.0,1.0,34.0,0.0,,1.0,1.0,,1.0,0.0,,,,0.0,Home
6,LAR,1,10:47,0,1,7.0,7,Pass,6 OL,"""*2x2+"", pistol",,N/A,,M. Jones (L1),"Catch, TD",7.0,,,LS,S,,,Over,4,1,7,7.0,10,47,,,,1.0,Normal,Wide,0.0,,0.0,,0.0,,,WR,1,Left,1.0,0.0,,0.0,,0.0,1.0,,1.0,0.0,,,,0.0,Home
6,LAR,1,5:09,0,1,15.0,-23,Pass,11,"""+1x3+"", shotgun offset L",,N/A,,Boldin (R2),Catch,7.0,,,RS,S,,,Over,4,0,77,7.0,5,09,1.0,1.0,3.0,0.0,Wide,Wide,1.0,Left,0.0,,0.0,,,WR,2,Right,0.0,0.0,,0.0,,0.0,1.0,,1.0,0.0,,,,0.0,Home
6,LAR,1,2:38,0,2,1.0,-38,Pass,6 OL,"""*2x2-"", couple R-, shotgun offset R",,N/A,,Tate (L1),Inc.,0.0,,,RM,S,,,Over,4,0,62,0.0,2,38,,,,1.0,Normal,Narrow,1.0,Right,0.0,,0.0,,,TE,1,Left,0.0,0.0,,0.0,,0.0,,,0.0,0.0,,,,0.0,Home
6,LAR,2,10:25,-7,2,9.0,-26,Pass,11,"""+2x2+"", shotgun offset L",,N/A,,Tate (L1),Catch,12.0,,Soft,LS,IS,,,Over,5,0,74,12.0,10,25,1.0,1.0,3.0,0.0,Wide,Wide,1.0,Left,0.0,,0.0,,,TE,1,Left,0.0,0.0,,0.0,,0.0,1.0,,1.0,0.0,,,,0.0,Home
6,LAR,2,9:00,-7,2,12.0,-36,Pass,11,"""-2x2+"", shotgun offset R",WR in,N/A,,M. Jones (L1),Catch,3.0,,Hard,WR Screen L,S,,,Over,4,0,64,3.0,9,00,1.0,1.0,3.0,0.0,Narrow,Wide,1.0,Right,0.0,,1.0,WR,in,WR,1,Left,0.0,0.0,,0.0,,0.0,,,0.0,0.0,,,,0.0,Home
6,LAR,2,8:20,-7,3,9.0,-39,Pass,10,"""*1x3+"", shotgun offset L",,N/A,,"Zenner (L RB, 2)",Catch,15.0,,,LM,S,,,2 Eagle Even,4,0,61,15.0,8,20,1.0,,,0.0,Normal,Wide,1.0,Left,0.0,,0.0,,,RB,2,Left,0.0,0.0,,0.0,,0.0,1.0,,1.0,0.0,,,,0.0,Home
6,LAR,2,7:34,-7,1,10.0,46,Pass,6 OL,"""+1x2+"", I-form offset R",TE in,N/A,,Tate (L1),Catch,8.0,,,WR Screen L,S,,,Over,4,0,46,8.0,7,34,,,,1.0,Wide,Wide,0.0,,1.0,Right,1.0,TE,in,TE,1,Left,0.0,0.0,,0.0,,0.0,1.0,,1.0,0.0,,,,0.0,Home
6,LAR,2,6:04,-7,1,10.0,32,Pass,11,"""+2x2+"", shotgun offset R",,N/A,,Boldin (R1),Catch,6.0,,Soft,RS,S,,,Over,4,0,32,6.0,6,04,1.0,1.0,3.0,0.0,Wide,Wide,1.0,Right,0.0,,0.0,,,WR,1,Right,0.0,0.0,,0.0,,0.0,1.0,,1.0,0.0,,,,0.0,Home
6,LAR,2,4:40,-7,1,10.0,19,Pass,10,"""*1x3+"", shotgun offset L",,N/A,,Boldin (R2),Catch,15.0,,,RM,IS,,,Over,4,0,19,15.0,4,40,1.0,,,0.0,Normal,Wide,1.0,Left,0.0,,0.0,,,WR,2,Right,0.0,0.0,,0.0,,0.0,1.0,,1.0,0.0,,,,0.0,Home
6,LAR,2,3:58,-7,1,4.0,4,Pass,11,"""+2x2-"", closed R, shotgun offset L",WR in,N/A,,Boldin (R1),Catch,2.0,,,WR Screen M,S,,,Over,4,1,4,2.0,3,58,1.0,1.0,3.0,0.0,Wide,Narrow,1.0,Left,0.0,,1.0,WR,in,WR,1,Right,0.0,0.0,,0.0,,0.0,1.0,,1.0,0.0,,,,0.0,Home
6,LAR,2,3:19,-7,2,2.0,2,Pass,6 OL,"""-1x3+"", singleback",,N/A,,M. Jones (L1),Inc.,0.0,,,LS,S,,,Over,4,1,2,0.0,3,19,,,,1.0,Narrow,Wide,0.0,,0.0,,0.0,,,WR,1,Left,0.0,0.0,,0.0,,0.0,,,0.0,0.0,,,,0.0,Home
6,LAR,2,3:12,-7,3,2.0,2,Pass,11,"""-2x3-"", pistol",WR in,N/A,,Boldin (R1),Inc.,0.0,,"Hard, roll",M,IS,,,Other Odd,4,1,2,0.0,3,12,1.0,1.0,3.0,0.0,Narrow,Narrow,0.0,,0.0,,1.0,WR,in,WR,1,Right,0.0,0.0,,0.0,,0.0,,,0.0,0.0,,,,0.0,Home
6,LAR,2,3:12,-7,4,2.0,2,Pass,10,"""*2x3+"", shotgun",WR in,N/A,,Roberts (R3),"Catch, TD",2.0,,,RS,S,,,Under,3,1,2,2.0,3,12,1.0,,,0.0,Normal,Wide,1.0,,0.0,,1.0,WR,in,WR,3,Right,1.0,0.0,,0.0,,0.0,1.0,,1.0,0.0,,,,0.0,Home
6,LAR,3,10:57,0,3,12.0,-38,Pass,11,"""+3x1+"", shotgun offset R",RB bk,N/A,,Tate (L1),Catch,61.0,,,LS,D,,,Other Odd,5,0,62,61.0,10,57,1.0,1.0,3.0,0.0,Wide,Wide,1.0,Right,0.0,,1.0,RB,bk,TE,1,Left,0.0,1.0,61.0,0.0,,1.0,1.0,,1.0,0.0,,,,0.0,Home
6,LAR,3,9:52,0,2,4.0,4,Pass,11,"""+2x2+"", shotgun offset R",,N/A,,Boldin (L2),"Catch, TD",4.0,,Soft,LM,S,,,Over,4,1,4,4.0,9,52,1.0,1.0,3.0,0.0,Wide,Wide,1.0,Right,0.0,,0.0,,,WR,2,Left,1.0,0.0,,0.0,,0.0,1.0,,1.0,0.0,,,,0.0,Home
6,LAR,3,5:59,0,2,13.0,-22,Pass,11,"""+2x2+"", shotgun offset L",,N/A,,"Zenner (L RB, 3)",Catch,4.0,,,Swing L,S,,,2 Eagle Even,4,0,78,4.0,5,59,1.0,1.0,3.0,0.0,Wide,Wide,1.0,Left,0.0,,0.0,,,RB,3,Left,0.0,0.0,,0.0,,0.0,,,0.0,0.0,,,,0.0,Home
6,LAR,3,5:15,0,3,9.0,-26,Pass,10,"""-1x3+"", shotgun offset L",,N/A,,M. Jones (L1),Inc.,0.0,,,RS,S,,,2 Eagle Even,4,0,74,0.0,5,15,1.0,,,0.0,Narrow,Wide,1.0,Left,0.0,,0.0,,,WR,1,Left,0.0,0.0,,0.0,,0.0,,,0.0,0.0,,,,0.0,Home
6,LAR,4,14:05,-7,1,10.0,-16,Pass,11,"""-2x2-"", couple L- R-, shotgun offset R",,N/A,,M. Jones (R- CI),Inc.,0.0,,,RS,S,,,Under,4,0,84,0.0,14,05,1.0,1.0,3.0,0.0,Narrow,Narrow,1.0,Right,0.0,,0.0,,,WR,,Right,0.0,0.0,,0.0,,0.0,,,0.0,0.0,,,,0.0,Home
6,LAR,4,14:00,-7,2,10.0,-16,Pass,11,"""+2x2+"", shotgun offset R",,N/A,,Tate (L1),Inc.,0.0,,,LM,S,,,Over,4,0,84,0.0,14,00,1.0,1.0,3.0,0.0,Wide,Wide,1.0,Right,0.0,,0.0,,,TE,1,Left,0.0,0.0,,0.0,,0.0,,,0.0,0.0,,,,0.0,Home
6,LAR,4,13:31,-7,3,5.0,-21,Pass,10,"""+2x2+"", shotgun offset L",,N/A,,Roberts (L2),Catch,11.0,,,LM,S,,,Over,5,0,79,11.0,13,31,1.0,,,0.0,Wide,Wide,1.0,Left,0.0,,0.0,,,WR,2,Left,0.0,0.0,,0.0,,0.0,1.0,,1.0,0.0,,,,0.0,Home
6,LAR,4,11:03,-7,3,1.0,-41,Pass,11,"""+2x2*"", shotgun offset R",,N/A,,Tate (L2),Catch,13.0,,,LS,S,,,Over,5,0,59,13.0,11,03,1.0,1.0,3.0,0.0,Wide,Normal,1.0,Right,0.0,,0.0,,,TE,2,Left,0.0,0.0,,0.0,,0.0,1.0,,1.0,0.0,,,,0.0,Home
6,LAR,4,10:22,-7,1,10.0,46,Pass,20,"""+1x2+"", pistol 2 RB",,N/A,,Forsett (RB 0),Inc.,0.0,,Hard,LS,S,,,Over,4,0,46,0.0,10,22,2.0,,,0.0,Wide,Wide,0.0,,0.0,,0.0,,,RB,0,Right,0.0,0.0,,0.0,,0.0,,,0.0,0.0,,,,0.0,Home
6,LAR,4,8:24,-7,2,7.0,28,Pass,11,"""+2x2*"", shotgun offset R",,N/A,,"Harbor (R LOS TE, 2)",Catch,3.0,,,RS,S,,,Over,4,0,28,3.0,8,24,1.0,1.0,3.0,0.0,Wide,Normal,1.0,Right,0.0,,0.0,,,TE,2,Right,0.0,0.0,,0.0,,0.0,,,0.0,0.0,,,,0.0,Home
6,LAR,4,6:09,-7,2,13.0,23,Pass,11,"""+3x1*"", shotgun offset R",,N/A,,Tate (L1),"Catch, TD",23.0,,,LM,S,,,Over,4,0,23,23.0,6,09,1.0,1.0,3.0,0.0,Wide,Normal,1.0,Right,0.0,,0.0,,,TE,1,Left,1.0,1.0,23.0,0.0,,1.0,1.0,,1.0,0.0,,,,0.0,Home
6,LAR,4,5:06,0,1,10.0,-39,Pass,11,"""+3x1*"", shotgun offset R",,N/A,,Boldin (L2),Catch,7.0,,,LM,S,,,Over,4,0,61,7.0,5,06,1.0,1.0,3.0,0.0,Wide,Normal,1.0,Right,0.0,,0.0,,,WR,2,Left,0.0,0.0,,0.0,,0.0,1.0,,1.0,0.0,,,,0.0,Home
6,LAR,4,3:46,0,3,1.0,-48,Pass,22,"""-1x2-"", closed L, I-form",TE ,N/A,,Boldin (R1),Catch,11.0,,Hard,LM,S,,,GL,5,0,52,11.0,3,46,2.0,2.0,1.0,0.0,Narrow,Narrow,0.0,,1.0,,1.0,TE,,WR,1,Right,0.0,0.0,,0.0,,0.0,1.0,,1.0,0.0,,,,0.0,Home
6,LAR,4,2:00,0,1,10.0,26,Pass,11,"""+2x2*"", shotgun offset L",,N/A,,N/A,"Sack, Donald",-5.0,,,,,,,Over,5,0,26,-5.0,2,00,1.0,1.0,3.0,0.0,Wide,Normal,1.0,Left,0.0,,0.0,,,,,,0.0,0.0,,0.0,,0.0,,,0.0,1.0,-5.0,,,0.0,Home
6,LAR,4,1:54,0,2,15.0,31,Pass,11,"""+1x3+"", shotgun offset L",RB bk,N/A,,Tate (R1),Catch,2.0,,,WR Screen R,S,,,2 Eagle Even,5,0,31,2.0,1,54,1.0,1.0,3.0,0.0,Wide,Wide,1.0,Left,0.0,,1.0,RB,bk,TE,1,Right,0.0,0.0,,0.0,,0.0,,,0.0,0.0,,,,0.0,Home
6,LAR,4,1:47,0,3,13.0,29,Pass,11,"""-3x1-"", closed R, bunch L-, shotgun offset L",,N/A,,Tate (BO),Catch,12.0,,Soft,WR Screen L,S,,,2 Eagle Even,4,0,29,12.0,1,47,1.0,1.0,3.0,0.0,Narrow,Narrow,1.0,Left,0.0,,0.0,,,TE,,,0.0,0.0,,0.0,,0.0,,,0.0,0.0,,,,0.0,Home
7,WAS,1,15:00,0,1,10.0,-25,Pass,11,"""+2x2+"", shotgun offset R",,N/A,,Boldin (R2),Inc.,0.0,,,M,S,,,Over,4,0,75,0.0,15,00,1.0,1.0,3.0,0.0,Wide,Wide,1.0,Right,0.0,,0.0,,,WR,2,Right,0.0,0.0,,0.0,,0.0,,,0.0,0.0,,,,0.0,Home
7,WAS,1,14:18,0,3,2.0,-33,Pass,11,"""-2x2*"", shotgun offset R",WR in,N/A,,Boldin (R1),Catch,1.0,,,RS,S,,,Other Even,4,0,67,1.0,14,18,1.0,1.0,3.0,0.0,Narrow,Normal,1.0,Right,0.0,,1.0,WR,in,WR,1,Right,0.0,0.0,,0.0,,0.0,,,0.0,0.0,,,,0.0,Home
7,WAS,1,8:34,0,1,10.0,-20,Pass,12,"""+1x3+"", dual TE LOS, singleback",,N/A,,Tate (R1),Catch,11.0,,Hard,RS,IS,,,Over,4,0,80,11.0,8,34,1.0,2.0,2.0,0.0,Wide,Wide,0.0,,0.0,,0.0,,,TE,1,Right,0.0,0.0,,0.0,,0.0,1.0,,1.0,0.0,,,,0.0,Home
7,WAS,1,7:07,0,2,1.0,-40,Pass,11,"""+2x2+"", pistol",TE in,N/A,,Harbor (R2),Catch,9.0,,"Hard, roll",RM,S,,,Under,4,0,60,9.0,7,07,1.0,1.0,3.0,0.0,Wide,Wide,0.0,,0.0,,1.0,TE,in,RB,2,Right,0.0,0.0,,0.0,,0.0,1.0,,1.0,0.0,,,,0.0,Home
7,WAS,1,5:38,0,2,9.0,50,Pass,1,"""+3x2+"", shotgun",,N/A,,Tate (R1),"LOS PD, Foster",0.0,,,RM,S,,,Over,5,0,50,0.0,5,38,,,,0.0,Wide,Wide,1.0,,0.0,,0.0,,,TE,1,Right,0.0,0.0,,0.0,,0.0,,,0.0,0.0,,,,0.0,Home
7,WAS,1,5:33,0,3,9.0,50,Pass,10,"""+3x1+"", shotgun offset R",,N/A,,Tate (L1),Catch,16.0,,,LS,IS,,,2 Eagle Even,4,0,50,16.0,5,33,1.0,,,0.0,Wide,Wide,1.0,Right,0.0,,0.0,,,TE,1,Left,0.0,1.0,16.0,0.0,,1.0,1.0,,1.0,0.0,,,,0.0,Home
7,WAS,1,4:06,0,2,6.0,30,Pass,11,"""+1x3+"", singleback",WR in,N/A,,Zenner (RB 0),Inc.,0.0,,Hard,RB Screen R,S,,,Over,4,0,30,0.0,4,06,1.0,1.0,3.0,0.0,Wide,Wide,0.0,,0.0,,1.0,WR,in,RB,0,Right,0.0,0.0,,0.0,,0.0,,,0.0,0.0,,,,0.0,Home
7,WAS,1,4:01,0,3,6.0,30,Pass,10,"""*1x3+"", shotgun offset L",,N/A,,Tate (R2),Inc.,0.0,,,LM,S,,,Over,5,0,30,0.0,4,01,1.0,,,0.0,Normal,Wide,1.0,Left,0.0,,0.0,,,TE,2,Right,0.0,0.0,,0.0,,0.0,,,0.0,0.0,,,,0.0,Home
7,WAS,2,15:00,0,2,6.0,-24,Pass,21,"""+1x2+"", pistol 2 RB",,N/A,,Forsett (RB 0),Catch,8.0,,,Swing R,S,,,Under,5,0,76,8.0,15,00,2.0,1.0,2.0,0.0,Wide,Wide,0.0,,0.0,,0.0,,,RB,0,Right,0.0,0.0,,0.0,,0.0,1.0,,1.0,0.0,,,,0.0,Home
7,WAS,2,12:35,0,1,20.0,-40,Pass,11,"""+2x2+"", shotgun offset R",,N/A,,Roberts (L2),Inc.,0.0,,Soft,RS,D,,,Over,4,0,60,0.0,12,35,1.0,1.0,3.0,0.0,Wide,Wide,1.0,Right,0.0,,0.0,,,WR,2,Left,0.0,0.0,,0.0,,0.0,,,0.0,0.0,,,,0.0,Home
7,WAS,2,12:28,0,2,20.0,-40,Pass,1,"""+3x2+"", shotgun",,N/A,,Tate (R1),Catch,27.0,,,WR Screen R,S,,,2 Eagle Even,5,0,60,27.0,12,28,,,,0.0,Wide,Wide,1.0,,0.0,,0.0,,,TE,1,Right,0.0,1.0,27.0,0.0,,1.0,1.0,,1.0,0.0,,,,0.0,Home
7,WAS,2,11:09,0,2,8.0,31,Pass,11,"""*2x2+"", shotgun offset L",,N/A,,"Forsett (L RB, 3)",Catch,7.0,,,LM,S,,,Over,4,0,31,7.0,11,09,1.0,1.0,3.0,0.0,Normal,Wide,1.0,Left,0.0,,0.0,,,RB,3,Left,0.0,0.0,,0.0,,0.0,1.0,,1.0,0.0,,,,0.0,Home
7,WAS,2,4:51,3,1,10.0,-35,Pass,11,"""-3x1*"", shotgun offset R",,N/A,,"Zenner (R RB, 2)",Inc.,0.0,,,RM,S,,,Under,5,0,65,0.0,4,51,1.0,1.0,3.0,0.0,Narrow,Normal,1.0,Right,0.0,,0.0,,,RB,2,Right,0.0,0.0,,0.0,,0.0,,,0.0,0.0,,,,0.0,Home
7,WAS,2,4:04,3,3,8.0,-37,Pass,10,"""+2x2+"", shotgun offset L",,N/A,,N/A,"Sack, Kerrigan",-8.0,,,,,,,2 Eagle Even,4,0,63,-8.0,4,04,1.0,,,0.0,Wide,Wide,1.0,Left,0.0,,0.0,,,,,,0.0,0.0,,0.0,,0.0,,,0.0,1.0,-8.0,,,0.0,Home
7,WAS,3,8:49,0,1,10.0,-34,Pass,6 OL,"""-3x1+"", dual TE LOS, singleback",WR in,N/A,,M. Jones (R1),Catch,52.0,,Hard,RM,D,,,Over,4,0,66,52.0,8,49,,2.0,,1.0,Narrow,Wide,0.0,,0.0,,1.0,WR,in,WR,1,Right,0.0,1.0,52.0,0.0,,1.0,1.0,,1.0,0.0,,,,0.0,Home
7,WAS,3,7:45,0,2,8.0,12,Pass,11,"""+3x1*"", shotgun offset R",,N/A,,M. Jones (R1),Catch,11.0,,,RS,IS,,,Over,4,0,12,11.0,7,45,1.0,1.0,3.0,0.0,Wide,Normal,1.0,Right,0.0,,0.0,,,WR,1,Right,0.0,0.0,,0.0,,0.0,1.0,,1.0,0.0,,,,0.0,Home
7,WAS,3,7:32,0,1,1.0,1,Pass,12,"""+2x2*"", singleback",,N/A,,M. Jones (R1),Inc.,0.0,,,RS,S,,,Under,5,1,1,0.0,7,32,1.0,2.0,2.0,0.0,Wide,Normal,0.0,,0.0,,0.0,,,WR,1,Right,0.0,0.0,,0.0,,0.0,,,0.0,0.0,,,,0.0,Home
7,WAS,3,3:22,7,1,10.0,-38,Pass,11,"""-1x3+"", singleback",TE orbit,N/A,,Harbor (R3),Catch,7.0,,"Hard, roll",RM,S,,,Over,4,0,62,7.0,3,22,1.0,1.0,3.0,0.0,Narrow,Wide,0.0,,0.0,,1.0,TE,orbit,RB,3,Right,0.0,0.0,,0.0,,0.0,1.0,,1.0,0.0,,,,0.0,Home
7,WAS,3,2:25,7,1,10.0,46,Pass,11,"""+2x2-"", shotgun offset R",WR in,N/A,,Tate (R2),Catch,22.0,,,M,S,,,Over,4,0,46,22.0,2,25,1.0,1.0,3.0,0.0,Wide,Narrow,1.0,Right,0.0,,1.0,WR,in,TE,2,Right,0.0,1.0,22.0,0.0,,1.0,1.0,,1.0,0.0,,,,0.0,Home
7,WAS,3,1:52,7,1,10.0,24,Pass,11,"""-1x3+"", closed L, shotgun offset L",,N/A,,Tate (R3),Catch,3.0,,,WR Screen R,S,,,Over,4,0,24,3.0,1,52,1.0,1.0,3.0,0.0,Narrow,Wide,1.0,Left,0.0,,0.0,,,TE,3,Right,0.0,0.0,,0.0,,0.0,,,0.0,0.0,,,,0.0,Home
7,WAS,3,0:28,7,3,6.0,20,Pass,1,"""+2x3+"", shotgun",,N/A,,Boldin (R2),Catch,9.0,,,M,S,,,2 Eagle Even,4,0,20,9.0,0,28,,,,0.0,Wide,Wide,1.0,,0.0,,0.0,,,WR,2,Right,0.0,0.0,,0.0,,0.0,1.0,,1.0,0.0,,,,0.0,Home
7,WAS,4,15:00,7,1,10.0,11,Pass,11,"""+1x3+"", shotgun offset L",WR in,N/A,,N/A,"Sack, Murphy",-4.0,,,,,,,Over,4,0,11,-4.0,15,00,1.0,1.0,3.0,0.0,Wide,Wide,1.0,Left,0.0,,1.0,WR,in,,,,0.0,0.0,,0.0,,0.0,,,0.0,1.0,-4.0,,,0.0,Home
7,WAS,4,14:09,7,2,22.0,23,Pass,1,"""+2x3+"", shotgun",,N/A,,Tate (L1),Catch,14.0,,,WR Screen L,S,,,2 Eagle Even,4,0,23,14.0,14,09,,,,0.0,Wide,Wide,1.0,,0.0,,0.0,,,TE,1,Left,0.0,0.0,,0.0,,0.0,1.0,,1.0,0.0,,,,0.0,Home
7,WAS,4,13:23,7,3,8.0,9,Pass,1,"""+2x3+"", shotgun",,N/A,,Tate (L2),Inc.,0.0,,,LS,S,,,Over,3,0,9,0.0,13,23,,,,0.0,Wide,Wide,1.0,,0.0,,0.0,,,TE,2,Left,0.0,0.0,,0.0,,0.0,,,0.0,0.0,,,,0.0,Home
7,WAS,4,7:42,3,2,7.0,-28,Pass,11,"""+2x2+"", shotgun offset L",,N/A,,M. Jones (R1),Catch,8.0,,,RS,S,,,Over,5,0,72,8.0,7,42,1.0,1.0,3.0,0.0,Wide,Wide,1.0,Left,0.0,,0.0,,,WR,1,Right,0.0,0.0,,0.0,,0.0,1.0,,1.0,0.0,,,,0.0,Home
7,WAS,4,6:19,3,2,8.0,-38,Pass,10,"""+3x1*"", shotgun offset R",WR orbit,N/A,,N/A,"Sack, P. Smith",-6.0,,,,,,,2 Eagle Even,4,0,62,-6.0,6,19,1.0,,,0.0,Wide,Normal,1.0,Right,0.0,,1.0,WR,orbit,,,,0.0,0.0,,0.0,,0.0,,,0.0,1.0,-6.0,,,0.0,Home
7,WAS,4,5:36,3,3,14.0,-32,Pass,11,"""+3x1*"", shotgun offset R",,N/A,,Tate (L1),Inc.,0.0,,,LS,D,,,2 Eagle Even,5,0,68,0.0,5,36,1.0,1.0,3.0,0.0,Wide,Normal,1.0,Right,0.0,,0.0,,,TE,1,Left,0.0,0.0,,0.0,,0.0,,,0.0,0.0,,,,0.0,Home
7,WAS,4,1:05,-4,1,10.0,-25,Pass,10,"""+2x2+"", shotgun offset R",,N/A,,M. Jones (L1),Catch,23.0,,,M,ID,,,2 Eagle Even,4,0,75,23.0,1,05,1.0,,,0.0,Wide,Wide,1.0,Right,0.0,,0.0,,,WR,1,Left,0.0,1.0,23.0,0.0,,1.0,1.0,,1.0,0.0,,,,0.0,Home
7,WAS,4,0:38,-4,1,10.0,38,Pass,10,"""+2x2+"", shotgun offset L",,N/A,,Roberts (L2),Catch,20.0,,,M,IS,,,Other Odd,4,0,38,20.0,0,38,1.0,,,0.0,Wide,Wide,1.0,Left,0.0,,0.0,,,WR,2,Left,0.0,1.0,20.0,0.0,,1.0,1.0,,1.0,0.0,,,,0.0,Home
7,WAS,4,0:31,-4,1,10.0,18,Pass,10,"""+2x2+"", shotgun offset R",,N/A,,Tate (L1),Inc.,0.0,,,LS,ID,,,2 Eagle Even,4,0,18,0.0,0,31,1.0,,,0.0,Wide,Wide,1.0,Right,0.0,,0.0,,,TE,1,Left,0.0,0.0,,0.0,,0.0,,,0.0,0.0,,,,0.0,Home
7,WAS,4,0:26,-4,2,10.0,18,Pass,10,"""+2x2+"", shotgun offset L",,N/A,,Tate (R1),Inc.,0.0,,,RS,S,,,Other Even,5,0,18,0.0,0,26,1.0,,,0.0,Wide,Wide,1.0,Left,0.0,,0.0,,,TE,1,Right,0.0,0.0,,0.0,,0.0,,,0.0,0.0,,,,0.0,Home
7,WAS,4,0:22,-4,3,10.0,18,Pass,11,"""+3x1-"", closed R, shotgun offset R",,N/A,,Boldin (L2),"Catch, TD",18.0,,,RM,IS,,,2 Eagle Even,3,0,18,18.0,0,22,1.0,1.0,3.0,0.0,Wide,Narrow,1.0,Right,0.0,,0.0,,,WR,2,Left,1.0,1.0,18.0,0.0,,1.0,1.0,,1.0,0.0,,,,0.0,Home
8,HOU,1,14:49,0,1,10.0,-38,Pass,11,"""*2x2+"", shotgun offset R",,N/A,,Tate (L1),Inc.,0.0,,,LS,IS,,,Over,4,0,62,0.0,14,49,1.0,1.0,3.0,0.0,Normal,Wide,1.0,Right,0.0,,0.0,,,TE,1,Left,0.0,0.0,,0.0,,0.0,,,0.0,0.0,,,,0.0,Road
8,HOU,1,14:02,0,3,3.0,-45,Pass,11,"""*2x2*"", shotgun offset L",WR orbit,N/A,,M. Jones (R1),Catch,11.0,,,RS,IS,,,Double A Gap,3,0,55,11.0,14,02,1.0,1.0,3.0,0.0,Normal,Normal,1.0,Left,0.0,,1.0,WR,orbit,WR,1,Right,0.0,0.0,,0.0,,0.0,1.0,,1.0,0.0,,,,0.0,Road
8,HOU,1,13:28,0,1,10.0,44,Pass,11,"""+3x1*"", shotgun offset R",RB bk,N/A,,Boldin (L2),Catch,4.0,,,M,S,,,Over,4,0,44,4.0,13,28,1.0,1.0,3.0,0.0,Wide,Normal,1.0,Right,0.0,,1.0,RB,bk,WR,2,Left,0.0,0.0,,0.0,,0.0,,,0.0,0.0,,,,0.0,Road
8,HOU,1,12:49,0,2,6.0,40,Pass,11,"""+2x2+"", shotgun offset L",WR in,N/A,,Tate (R2),Catch,,"Off. Holding, Boldin, -10",,LM,S,,,Double A Gap,3,0,40,,12,49,1.0,1.0,3.0,0.0,Wide,Wide,1.0,Left,0.0,,1.0,WR,in,TE,2,Right,0.0,0.0,,0.0,,0.0,,,0.0,0.0,,Defense,Off. Holding,10.0,Road
8,HOU,1,12:17,0,2,11.0,45,Pass,11,"""+1x3+"", shotgun offset L",,N/A,,"Riddick (L RB, 2)",Inc.,0.0,,,LM,S,,,Under,4,0,45,0.0,12,17,1.0,1.0,3.0,0.0,Wide,Wide,1.0,Left,0.0,,0.0,,,RB,2,Left,0.0,0.0,,0.0,,0.0,,,0.0,0.0,,,,0.0,Road
8,HOU,1,12:13,0,3,11.0,45,Pass,11,"""+2x2+"", shotgun offset L",,N/A,,"Riddick (L RB, 3)",Catch,7.0,,,M,S,,,Other Odd,4,0,45,7.0,12,13,1.0,1.0,3.0,0.0,Wide,Wide,1.0,Left,0.0,,0.0,,,RB,3,Left,0.0,0.0,,0.0,,0.0,,,0.0,0.0,,,,0.0,Road
8,HOU,1,11:25,0,4,4.0,38,Pass,11,"""-2x2+"", shotgun offset L",WR in,N/A,,Boldin (L1),Inc.,0.0,,,RS,ID,,,Other Odd,3,0,38,0.0,11,25,1.0,1.0,3.0,0.0,Narrow,Wide,1.0,Left,0.0,,1.0,WR,in,WR,1,Left,0.0,0.0,,0.0,,0.0,,,0.0,0.0,,,,0.0,Road
8,HOU,1,8:31,0,2,4.0,-12,Pass,11,"""+3x1*"", shotgun offset R",RB bk,N/A,,Tate (L1),Catch,7.0,,,LM,S,,,Over,4,0,88,7.0,8,31,1.0,1.0,3.0,0.0,Wide,Normal,1.0,Right,0.0,,1.0,RB,bk,TE,1,Left,0.0,0.0,,0.0,,0.0,1.0,,1.0,0.0,,,,0.0,Road
8,HOU,1,7:21,0,1,10.0,-35,Pass,11,"""*1x3+"", shotgun offset L",,N/A,,Tate (R3),Catch,13.0,,,WR Screen R,S,,,2 Eagle Even,4,0,65,13.0,7,21,1.0,1.0,3.0,0.0,Normal,Wide,1.0,Left,0.0,,0.0,,,TE,3,Right,0.0,0.0,,0.0,,0.0,1.0,,1.0,0.0,,,,0.0,Road
8,HOU,1,5:58,0,2,7.0,49,Pass,6 OL,"""+1x3+"", shotgun offset R",,N/A,,Ebron (R2),Catch,14.0,,Soft,LM,IS,,,Under,4,0,49,14.0,5,58,,,,1.0,Wide,Wide,1.0,Right,0.0,,0.0,,,WR,2,Right,0.0,0.0,,0.0,,0.0,1.0,,1.0,0.0,,,,0.0,Road
8,HOU,1,4:40,0,2,9.0,34,Pass,11,"""+2x2+"", shotgun offset L",,N/A,,Ebron (L2),Catch,3.0,,,LS,S,,,Double A Gap,6,0,34,3.0,4,40,1.0,1.0,3.0,0.0,Wide,Wide,1.0,Left,0.0,,0.0,,,WR,2,Left,0.0,0.0,,0.0,,0.0,,,0.0,0.0,,,,0.0,Road
8,HOU,1,3:59,0,3,6.0,31,Pass,11,"""+2x2+"", shotgun offset R",,N/A,,Boldin (R2),Inc.,0.0,,,M,S,,,Other Odd,3,0,31,0.0,3,59,1.0,1.0,3.0,0.0,Wide,Wide,1.0,Right,0.0,,0.0,,,WR,2,Right,0.0,0.0,,0.0,,0.0,,,0.0,0.0,,,,0.0,Road
8,HOU,2,12:46,-7,1,10.0,-14,Pass,11,"""-2x2+"", shotgun offset R",WR in,N/A,,Tate (L1),Inc.,0.0,,,LM,S,,,Under,5,0,86,0.0,12,46,1.0,1.0,3.0,0.0,Narrow,Wide,1.0,Right,0.0,,1.0,WR,in,TE,1,Left,0.0,0.0,,0.0,,0.0,,,0.0,0.0,,,,0.0,Road
8,HOU,2,11:58,-7,3,8.0,-16,Pass,11,"""+3x1*"", shotgun offset R",RB bk,N/A,,Ebron (L3),Inc.,0.0,,,LS,S,,,Other Odd,4,0,84,0.0,11,58,1.0,1.0,3.0,0.0,Wide,Normal,1.0,Right,0.0,,1.0,RB,bk,WR,3,Left,0.0,0.0,,0.0,,0.0,,,0.0,0.0,,,,0.0,Road
8,HOU,2,6:24,-14,1,10.0,-33,Pass,11,"""-2x2+"", shotgun offset L",TE in,N/A,,Tate (R1),Catch,2.0,,Hard,WR Screen R,S,,,Over,4,0,67,2.0,6,24,1.0,1.0,3.0,0.0,Narrow,Wide,1.0,Left,0.0,,1.0,TE,in,TE,1,Right,0.0,0.0,,0.0,,0.0,,,0.0,0.0,,,,0.0,Road
8,HOU,2,5:34,-14,2,23.0,-20,Pass,11,"""+2x2+"", shotgun offset L",,N/A,,Tate (R1),Catch,11.0,,Soft,RS,IS,,,Other Odd,4,0,80,11.0,5,34,1.0,1.0,3.0,0.0,Wide,Wide,1.0,Left,0.0,,0.0,,,TE,1,Right,0.0,0.0,,0.0,,0.0,,,0.0,0.0,,,,0.0,Road
8,HOU,2,4:59,-14,3,12.0,-31,Pass,10,"""-3x1*"", shotgun offset R",,N/A,,"Riddick (R RB, 2)",Catch,4.0,,,RM,S,,,Other Odd,4,0,69,4.0,4,59,1.0,,,0.0,Narrow,Normal,1.0,Right,0.0,,0.0,,,RB,2,Right,0.0,0.0,,0.0,,0.0,,,0.0,0.0,,,,0.0,Road
8,HOU,2,1:48,-14,1,10.0,-18,Pass,11,"""+1x3+"", shotgun offset L",,N/A,,"Riddick (L RB, 2)",Inc.,0.0,,,LM,S,,,Other Odd,5,0,82,0.0,1,48,1.0,1.0,3.0,0.0,Wide,Wide,1.0,Left,0.0,,0.0,,,RB,2,Left,0.0,0.0,,0.0,,0.0,,,0.0,0.0,,,,0.0,Road
8,HOU,2,1:42,-14,2,10.0,-18,Pass,11,"""*1x3+"", shotgun offset L",,N/A,,Ebron (R3),Inc.,0.0,,,RS,S,,,Other Odd,5,0,82,0.0,1,42,1.0,1.0,3.0,0.0,Normal,Wide,1.0,Left,0.0,,0.0,,,WR,3,Right,0.0,0.0,,0.0,,0.0,,,0.0,0.0,,,,0.0,Road
8,HOU,2,1:38,-14,3,10.0,-18,Pass,11,"""-1x3+"", shotgun offset L",,N/A,,N/A,"Sack, Clowney",-9.0,,,,,,,Other Odd,4,0,82,-9.0,1,38,1.0,1.0,3.0,0.0,Narrow,Wide,1.0,Left,0.0,,0.0,,,,,,0.0,0.0,,0.0,,0.0,,,0.0,1.0,-9.0,,,0.0,Road
8,HOU,2,0:32,-14,1,10.0,-19,Pass,11,"""*1x3+"", shotgun offset L",,N/A,,"Riddick (L RB, 2)",Catch,5.0,,,LS,S,,,Other Odd,4,0,81,5.0,0,32,1.0,1.0,3.0,0.0,Normal,Wide,1.0,Left,0.0,,0.0,,,RB,2,Left,0.0,0.0,,0.0,,0.0,1.0,,1.0,0.0,,,,0.0,Road
8,HOU,2,0:26,-14,2,5.0,-24,Pass,11,"""+2x2+"", shotgun offset R",,N/A,,Ebron (L2),Catch,34.0,,,LS,D,,,Other Odd,3,0,76,34.0,0,26,1.0,1.0,3.0,0.0,Wide,Wide,1.0,Right,0.0,,0.0,,,WR,2,Left,0.0,1.0,34.0,0.0,,1.0,1.0,,1.0,0.0,,,,0.0,Road
8,HOU,2,0:18,-14,1,10.0,42,Pass,11,"""+2x2+"", shotgun offset R",,N/A,,Ebron (L2),Catch,8.0,,,LS,S,,,Other Odd,5,0,42,8.0,0,18,1.0,1.0,3.0,0.0,Wide,Wide,1.0,Right,0.0,,0.0,,,WR,2,Left,0.0,0.0,,0.0,,0.0,1.0,,1.0,0.0,,,,0.0,Road
8,HOU,2,0:13,-14,2,2.0,34,Pass,11,"""*1x3+"", shotgun offset L",,N/A,,"Ebron (R LOS TE, 3)",Catch,5.0,,,RS,S,,,Other Odd,3,0,34,5.0,0,13,1.0,1.0,3.0,0.0,Normal,Wide,1.0,Left,0.0,,0.0,,,TE,3,Right,0.0,0.0,,0.0,,0.0,1.0,,1.0,0.0,,,,0.0,Road
8,HOU,3,10:38,-11,3,5.0,-28,Pass,11,"""*1x3+"", shotgun offset L",,N/A,,M. Jones (L1),Inc.,0.0,,,LS,IS,,,Over,5,0,72,0.0,10,38,1.0,1.0,3.0,0.0,Normal,Wide,1.0,Left,0.0,,0.0,,,WR,1,Left,0.0,0.0,,0.0,,0.0,,,0.0,0.0,,,,0.0,Road
8,HOU,3,5:43,-14,1,10.0,-25,Pass,11,"""+3x1+"", shotgun offset R",,N/A,,M. Jones (R1),Inc.,0.0,,,RS,ID,,,2 Eagle Odd,5,0,75,0.0,5,43,1.0,1.0,3.0,0.0,Wide,Wide,1.0,Right,0.0,,0.0,,,WR,1,Right,0.0,0.0,,0.0,,0.0,,,0.0,0.0,,,,0.0,Road
8,HOU,3,5:38,-14,2,10.0,-25,Pass,11,"""+3x1+"", shotgun offset R",,N/A,,"Riddick (R RB, 2)",Catch,19.0,,,RM,S,,,Under,5,0,75,19.0,5,38,1.0,1.0,3.0,0.0,Wide,Wide,1.0,Right,0.0,,0.0,,,RB,2,Right,0.0,1.0,19.0,0.0,,1.0,1.0,,1.0,0.0,,,,0.0,Road
8,HOU,3,4:18,-14,2,8.0,-46,Pass,11,"""-2x2*"", shotgun offset R",WR in,N/A,,"Riddick (R RB, 3)",Catch,9.0,,,Swing R,S,,,Double A Gap,5,0,54,9.0,4,18,1.0,1.0,3.0,0.0,Narrow,Normal,1.0,Right,0.0,,1.0,WR,in,RB,3,Right,0.0,0.0,,0.0,,0.0,1.0,,1.0,0.0,,,,0.0,Road
8,HOU,3,3:09,-14,2,9.0,44,Pass,11,"""+2x2+"", shotgun offset L",,N/A,,"Zenner (L RB, 3)",Catch,5.0,,,Swing L,S,,,Double A Gap,5,0,44,5.0,3,09,1.0,1.0,3.0,0.0,Wide,Wide,1.0,Left,0.0,,0.0,,,RB,3,Left,0.0,0.0,,0.0,,0.0,,,0.0,0.0,,,,0.0,Road
8,HOU,3,2:29,-14,3,4.0,39,Pass,11,"""*1x3-"", shotgun offset L",WR in,N/A,,M. Jones (L1),Catch,11.0,,,LM,S,,,Other Odd,3,0,39,11.0,2,29,1.0,1.0,3.0,0.0,Normal,Narrow,1.0,Left,0.0,,1.0,WR,in,WR,1,Left,0.0,0.0,,0.0,,0.0,1.0,,1.0,0.0,,,,0.0,Road
8,HOU,3,1:50,-14,1,10.0,28,Pass,11,"""+1x4+"", shotgun",,N/A,,M. Jones (L1),Inc.,0.0,,,LS,D,,,Over,4,0,28,0.0,1,50,1.0,1.0,3.0,0.0,Wide,Wide,1.0,,0.0,,0.0,,,WR,1,Left,0.0,0.0,,0.0,,0.0,,,0.0,0.0,,,,0.0,Road
8,HOU,3,1:03,-14,3,11.0,29,Pass,11,"""+2x2+"", shotgun offset R",,N/A,,Ebron (L2),Catch,11.0,,,LM,S,,,Over,5,0,29,11.0,1,03,1.0,1.0,3.0,0.0,Wide,Wide,1.0,Right,0.0,,0.0,,,WR,2,Left,0.0,0.0,,0.0,,0.0,1.0,,1.0,0.0,,,,0.0,Road
8,HOU,3,0:19,-14,1,10.0,18,Pass,2,"""+2x3+"", shotgun",,N/A,,M. Jones (L2),Inc.,0.0,,,LM,IS,,,Other Odd,4,0,18,0.0,0,19,,,,0.0,Wide,Wide,1.0,,0.0,,0.0,,,WR,2,Left,0.0,0.0,,0.0,,0.0,,,0.0,0.0,,,,0.0,Road
8,HOU,3,0:14,-14,2,10.0,18,Pass,11,"""+2x3+"", shotgun",,N/A,,Ebron (R3),Catch,4.0,,,RM,S,,,2 Eagle Even,4,0,18,4.0,0,14,1.0,1.0,3.0,0.0,Wide,Wide,1.0,,0.0,,0.0,,,WR,3,Right,0.0,0.0,,0.0,,0.0,,,0.0,0.0,,,,0.0,Road
8,HOU,4,14:55,-14,1,1.0,1,Pass,6 OL,"""-2x3+"", shotgun",,N/A,,Riddick (R2),"Catch, TD",1.0,,,RS,S,,,GL,5,1,1,1.0,14,55,,,,1.0,Narrow,Wide,1.0,,0.0,,0.0,,,WR,2,Right,1.0,0.0,,0.0,,0.0,1.0,,1.0,0.0,,,,0.0,Road
8,HOU,4,12:36,-7,1,10.0,-22,Pass,11,"""-1x3+"", closed L, shotgun offset L",,N/A,,Tate (R3),Catch,-1.0,,,WR Screen R,S,,,Over,4,0,78,-1.0,12,36,1.0,1.0,3.0,0.0,Narrow,Wide,1.0,Left,0.0,,0.0,,,TE,3,Right,0.0,0.0,,0.0,,0.0,,,0.0,1.0,-1.0,,,0.0,Road
8,HOU,4,10:51,-7,3,18.0,-14,Pass,11,"""-2x2-"", couple R-, shotgun offset L",,N/A,,"Riddick (L RB, 3)",Catch,9.0,,,LS,S,,,Other Odd,4,0,86,9.0,10,51,1.0,1.0,3.0,0.0,Narrow,Narrow,1.0,Left,0.0,,0.0,,,RB,3,Left,0.0,0.0,,0.0,,0.0,,,0.0,0.0,,,,0.0,Road
8,HOU,4,4:00,-10,1,10.0,-45,Pass,11,"""*2x2+"", shotgun offset R",,N/A,,M. Jones (L1),Catch,11.0,,,LS,IS,,,Other Odd,4,0,55,11.0,4,00,1.0,1.0,3.0,0.0,Normal,Wide,1.0,Right,0.0,,0.0,,,WR,1,Left,0.0,0.0,,0.0,,0.0,1.0,,1.0,0.0,,,,0.0,Road
8,HOU,4,3:54,-10,1,10.0,44,Pass,11,"""+1x3+"", shotgun offset L",,N/A,,"Riddick (L RB, 2)",Catch,23.0,,,RB Screen L,S,,,Other Odd,5,0,44,23.0,3,54,1.0,1.0,3.0,0.0,Wide,Wide,1.0,Left,0.0,,0.0,,,RB,2,Left,0.0,1.0,23.0,0.0,,1.0,1.0,,1.0,0.0,,,,0.0,Road
8,HOU,4,3:45,-10,1,10.0,21,Pass,11,"""+1x3+"", shotgun offset L",,N/A,,Ebron (R3),Inc.,0.0,,,RM,S,,,Other Odd,4,0,21,0.0,3,45,1.0,1.0,3.0,0.0,Wide,Wide,1.0,Left,0.0,,0.0,,,WR,3,Right,0.0,0.0,,0.0,,0.0,,,0.0,0.0,,,,0.0,Road
8,HOU,4,3:42,-10,2,10.0,21,Pass,11,"""-1x3+"", shotgun offset L",,N/A,,"Riddick (L RB, 2)",Inc.,0.0,,,LM,S,,,Double A Gap,4,0,21,0.0,3,42,1.0,1.0,3.0,0.0,Narrow,Wide,1.0,Left,0.0,,0.0,,,RB,2,Left,0.0,0.0,,0.0,,0.0,,,0.0,0.0,,,,0.0,Road
8,HOU,4,3:39,-10,3,10.0,21,Pass,11,"""-1x3+"", closed L, shotgun offset R",,N/A,,Tate (R1),Catch,5.0,,,WR Screen R,S,,,Other Odd,3,0,21,5.0,3,39,1.0,1.0,3.0,0.0,Narrow,Wide,1.0,Right,0.0,,0.0,,,TE,1,Right,0.0,0.0,,0.0,,0.0,,,0.0,0.0,,,,0.0,Road
